Theta,Theta,Theta,Theta,Theta,Theta,Theta,Theta,Theta,Theta
17.571428571428573,16.685714285714287,17.6,17.914285714285715,17.65714285714286,17.34285714285714,16.0,16.942857142857143,17.314285714285713,16.885714285714286
13.085106104572212,19.522726829028937,13.391304056710782,14.581395009735,12.359999752800006,22.899999427500017,13.023255511087084,13.790697353704712,14.780487444378355,12.574467817564516
9.919354678720088,21.407407010973944,10.999999803571432,13.062499727864587,11.035714088647962,22.181817778512404,11.199999776000006,12.61702100814849,12.893616746944325,14.74193524609782
7.987012883285547,22.02985041746492,14.532257830124877,15.274193302029142,9.50769216142012,19.999999672131157,10.370370178326478,9.883333168611117,10.631578760849496,15.99999978666667
10.303370670748643,23.38157863971607,17.154929335846067,17.757142603469394,13.357142666326531,16.712328538187283,8.749999863281252,8.236110996720681,9.619047466364329,16.921348124479234
13.3586955069707,21.409638296269417,18.621950992415236,20.024999749687503,14.160919377460695,14.18604634667388,7.671232771626949,10.45783119930324,12.647887145804408,15.525773035816773
14.86407752559148,19.74444422506173,20.222221997530863,20.031914680511548,16.576086776346884,12.577319457965778,10.313252887792132,11.979166541883682,14.637499817031252,13.095652060037809
16.627272576115704,16.76415078524386,17.669902741068906,17.598130676652985,15.561224331007915,11.619047508390024,11.824742146136678,13.372727151157026,15.526315626038784,12.34426219389949
16.679687369689944,13.992125874077749,15.04132218974114,14.7109373850708,12.603305680964416,9.75999992192,12.443478152665408,13.218045013398156,15.22222209211776,10.17567560692111
13.343749916601563,11.318471265487444,11.895424758853434,11.69565210126924,10.304053984432068,7.672955926585183,11.780821837117658,10.851851784865111,12.033783702474434,8.366666620185185
11.478494561943576,9.605405353484295,9.732620268809518,9.910526263628809,8.472222175154322,6.630434746573724,9.297297247041636,9.156249952311198,9.785714231946626,7.171428537278912
9.9766354673989,8.188940054428848,8.54460089885164,8.331858370213016,7.331730733982064,5.781990493924216,7.889908220688494,7.883408036397274,8.245370332197359,6.274999973854166
8.608870933028747,7.023715387258042,7.368421022799915,7.270270242199729,6.380753111377602,5.020576111026436,6.963562724843876,6.840466899453436,7.390041463111861,5.726235719672108
7.597864741644609,6.392086307942136,6.546762566378552,6.493103425885851,5.711610465499587,4.341636995225491,6.300366277288036,6.083044961650364,6.59629627186557,5.070707053633983
6.84294869601619,5.76948050074844,6.026490046269901,5.958860740636517,5.1694915079000285,3.948220051947508,5.620915014310735,5.580952363235072,5.956521719208958,4.633846139588166
6.450151037914952,5.417682910311942,5.669781913801303,5.65465463767371,4.872204457277302,3.708206675658946,5.276073603447627,5.263473038133315,5.600628913205569,4.365217378651544
6.099999982571429,5.121037449218912,5.368731547584863,5.334277605285332,4.593373480140442,3.505747116362796,4.971098251528618,4.980169957563258,5.269230753641329,4.148760319149421
5.770270254674945,4.855191243565051,5.083798868481009,5.048257359119954,4.332386351328448,3.3242506721410066,4.699453539072532,4.713136716586765,4.988795504233066,3.932114872239909
5.488431862497604,4.591731254284932,4.802110805271475,4.791348588317179,4.099462354571338,3.1524547722158798,4.444444432960092,4.46192892268546,4.711640199175555,3.727722763050191
5.207317060469959,4.355392146187764,4.538653355265204,4.559322022858784,3.8705583658107656,3.0049261009730883,4.205378962823034,4.225961528302977,4.45249998886875,3.535211259307016
4.942129618189515,4.132558129924283,4.302600462641607,4.328735622232792,3.665865375803208,2.850467283059656,3.990719248281394,4.03211008249516,4.240476180379819,3.3691275092413253
4.702643161447923,3.948888880113581,4.080717479639647,4.12938595585661,3.473804092314797,2.7171492144384204,3.788546247161793,3.846827125061648,4.029411755589567,3.204255312331372
4.466527187308521,3.748945139770158,3.888888880579297,3.922916658493924,3.3008657937210697,2.595744675328203,3.6058700134048847,3.65488564728714,3.82188840381569,3.0547667280836377
4.252988039336677,3.568273085204271,3.706720970047412,3.743538759953203,3.1378600758480246,2.469635622531102,3.446893780667548,3.4880952311744142,3.634693870133278,2.91860464550658
4.066666658920635,3.404214552865489,3.54085602423958,3.5798479019394525,3.007889540418364,2.3552123506656133,3.295019150775825,3.329545448239497,3.4649805380058742,2.794063074593575
3.9102564030947686,3.2486288788873328,3.3766233703587694,3.417422861311392,2.871939730937967,2.2550831751292364,3.155963296961535,3.1847826029261186,3.310408915779909,2.6749555902753896
3.7325174759921023,3.101221635076402,3.2212389323517896,3.2690972165467063,2.747747742796851,2.155477027993857,3.0122591891203867,3.041522486087332,3.163410296334973,2.556876056779497
3.5702341077420834,2.9715719013853312,3.0847457574834816,3.1279069715483274,2.6247848491828143,2.067796606664752,2.8810720219747536,2.9105960216711986,3.023769095036046,2.4527687256469566
3.421474353491227,2.852327443254691,2.9641693762798544,2.9984076385375675,2.512355844295954,1.9805194773043515,2.7608346665155143,2.790476186046863,2.895934954640756,2.3568075080488144
3.2947530813352577,2.7422839463853643,2.8526645723312467,2.879204888563907,2.416798728341048,1.903276128076012,2.650231120723835,2.679878044695308,2.7915360457812914,2.268072285740855
3.162962958277092,2.636498512408756,2.740963851293729,2.769117642986592,2.3211567696786046,1.8290854545291075,2.5481481443731138,2.5777126061910374,2.690332322220042,2.179450069204848
3.036984348453792,2.538571424944898,2.633863961456058,2.663366332866526,2.22953216048314,1.7604617579214117,2.450142446652219,2.4795486565873786,2.5849056566256814,2.0945757968086567
2.9286694061335123,2.4409340625811344,2.5383542502951824,2.565395091872759,2.141853929576048,1.6920943111066653,2.359396430234024,2.3885869532763766,2.487430164123701,2.01876675332605
2.8619302910697986,2.3852348961272014,2.4829467906098954,2.5106666633191117,2.091906718666795,1.6531165289253165,2.3056300237189946,2.337765954338077,2.429740787953969,1.9763779501622336
2.8315649829820093,2.3661784256109475,2.459459456135866,2.487450459065456,2.074829929149891,1.6397849440325472,2.2811671057278957,2.3223249639071004,2.4067567535043826,1.9533073904626364
2.798165133947359,2.3412384685886187,2.433155076961022,2.4550195535136643,2.049731180040684,1.622340423374547,2.2542594990114555,2.2980392126823017,2.377837112980191,1.928297052588608
2.761966361239371,2.322875813957025,2.401055405803357,2.4234234203044744,2.025232401028908,1.6010498666652888,2.225097021701038,2.2683870938472426,2.3496042185361423,1.9039190873528204
2.726692205968465,2.2929032228478667,2.37597910916974,2.3926302383829348,1.9986893813909707,1.5803108787819806,2.196679435253283,2.2394904430070186,2.319010413647122,1.8801498103868293
2.6923076889126007,2.260814246487514,2.345360821719896,2.359649119850064,1.975388598477476,1.5601022997952656,2.1689785596860296,2.2113207519354456,2.286264438656913,1.8569667054784629
2.6554726335130936,2.226817039816019,2.3155216255527717,2.3304455416702408,1.952624837448624,1.5404040384590858,2.13930347992624,2.1811414364998245,2.251580275282452,1.834348353429539
2.6196318986262184,2.1938271577853987,2.280701751527942,2.29914529633804,1.9230769206518576,1.5174129334360535,2.1078431346717608,2.1491442516514128,2.2179327494172694,1.8144578291392075
2.58162031126769,2.161800483988077,2.246913577472946,2.265944642279248,1.896766166795067,1.4969325135006963,2.077294683481528,2.1206272592031032,2.185276070938312,1.7885985726976263
2.544696063713116,2.1332532987596,2.2141119194475523,2.2363420400993563,1.8688725467293228,1.4734299499113166,2.045184301967676,2.090368606313474,2.1535671074322043,1.7614035067118088
2.5088131580389974,2.102958577392948,2.179640715952526,2.207502928244428,1.839565739638642,1.4506539816282356,2.0164126588318725,2.060961310596763,2.12276519413258,1.741040460414982
2.473928154723142,2.0735122496225062,2.148760328041605,2.1768786102001405,1.8133174770352944,1.431924880948445,1.990740738436643,2.032369939846971,2.092831959937918,1.723112126174929
2.439999997211429,2.0495963067478704,2.1236872787354875,2.149543376541617,1.787807735301515,1.413673231270367,2.345142854462694,2.006849312777569,2.063731167944692,1.6997742644472074
2.7370203129379003,2.0239179931390456,2.094361332457582,2.457207204440082,1.7650462942534186,1.394285712692245,2.6546275365071925,1.984198643358692,2.37299770895538,1.6770601317627394
3.035674467072827,2.349438199607373,2.4249999972443184,2.747777774724691,1.740867577921384,1.719278464803519,2.929765883021443,2.3076923051196294,2.691176467543918,1.9823982376431264
3.334801758441848,2.6784922364983457,2.7418630721191213,3.058177823207269,2.058624574905722,2.018930955435489,3.227373064870449,2.624449336316686,2.99329608604101,2.2909880539728684
3.60760869173086,2.9791894819505043,3.04545454207821,3.3362255929108184,2.3626251364153226,2.3252747227194783,3.5217864885383587,2.91838955068728,3.283977896923781,2.575562698204113
3.869892468957105,3.2651515116178014,3.3088718474163508,3.609207704915195,2.6714285684929355,2.603466952758974,3.8071120648630257,3.223415678599983,3.5840611314584487,2.8583509483526948
4.20645160838016,3.571736781476012,3.657894732831256,3.912393158213255,3.0507726235642685,2.8869752390882937,4.156989242841947,3.533261798784054,3.911062902482578,3.1501057049153216
4.537216823584448,3.882669532957298,3.9868565126102338,4.225874862963017,3.3607456103500595,3.250810807296421,4.453961451334089,3.825159910634158,4.188577581693343,3.4687168574032694
4.867027021765376,4.193756723149885,4.265505980124585,4.549893838057438,3.682713343891999,3.538709673614291,4.7662061585906415,4.140724942280677,4.519354833850156,3.796394481658118
5.192224616423084,4.494646676129928,4.560606055670339,4.858500522852692,3.989130430446597,3.856989243164528,5.088016961730629,4.456382973982572,4.815368191232264,4.1337579573951615
5.444325475969673,4.784877524190759,4.863930880276532,5.143157889322992,4.335886209698155,4.167561757070288,5.373812032340219,4.769639060754098,5.141188954202559,4.402323121011275
5.784796567682231,5.050847452276645,5.153763435318534,5.47679324316794,4.628664490088312,4.467741930679847,5.657534240613768,5.098726109237021,5.438559316272713,4.7420382115264985
6.056382972280444,5.425531909121775,5.4843918132568446,5.766631461703662,4.884698270598386,4.782422288550459,6.004219402949135,5.416135875354421,5.801275232942322,5.014767927199612
6.318901788470009,5.732767756380946,5.762820506663654,6.058947362043213,5.175268811639496,5.083155644900687,6.273584899084293,5.698093214302867,6.097457620659473,5.334038049329769
6.6308016807691965,6.022175284031494,6.08839189979937,6.360672969126527,5.459488267100759,5.40405116694664,6.593521414217846,5.976817696547084,6.418604644377797,5.652219867175243
6.930745008467214,6.328075703125052,6.399361015549136,6.658638736483101,5.769722808347844,5.671594502986701,6.9452631505839335,6.265756295939331,6.749471451639036,5.946202525373204
7.215031307708736,6.625393487276607,6.678986265386498,6.979013633810059,6.046610163086218,5.942287506881126,7.2610526239357345,6.58385743544669,7.093121685615745,6.222689069093814
7.520876818871736,6.948475281862802,7.003167891232136,7.316176462903176,6.3516367409169625,6.245026171471177,7.529350096929402,6.8813025137801445,7.373949572086188,6.474505716467736
7.816666658524306,7.231732769069173,7.288117763103977,7.634837347707411,6.610062886152974,6.577287059329877,7.79396461207704,7.172774861599189,7.654127473715645,6.784374992932943
8.099688465109358,7.52653485168935,7.510926110810691,7.873048899195578,6.881373562038113,6.867293618738461,8.106139429650218,7.448598123106336,7.893860553700457,7.078756469348439
8.295803471549842,7.726153838229586,7.68820512031979,8.05846153019645,7.111794864500723,7.085478880447498,8.286153837655228,7.671443185597295,8.095384607081657,7.283963220343245
8.526209668824386,7.908080800092848,7.902020194038363,8.262626254280175,7.309090901707989,7.29107504331534,8.448484839951025,7.828629024366301,8.257575749234771,7.478873231912602
8.680238323058353,8.106467653625405,8.082587056634242,8.434825862253904,7.480597007481993,7.484515477038446,8.62388058843395,8.007944381322796,8.407960190638846,7.708622390774408
8.836594903291003,8.275760541436938,8.252208039006666,8.603921560192234,7.694798814823554,7.704433489946371,8.79509803059304,8.201565549704926,8.587254893541907,7.921874992263793
9.013487467231707,8.44197291253194,8.42843326070751,8.77992277144795,7.896518367604914,7.878640769049863,8.940154431524947,8.36319845051715,8.749999991554054,8.09326922298724
9.14421251504344,8.604761896566892,8.590476182294784,8.938212919260254,8.049523801857596,8.041108978928193,9.082699611138118,8.531309289818491,8.897338394584278,8.258522719452156
9.282242981979213,8.743902430821855,8.728893049972895,9.113295871616764,8.225140705229698,8.189087480537076,9.252808980100363,8.68878503860861,9.047752800517085,8.396455216048082
9.43093921783523,8.902033263491651,8.862292043565349,9.260147592933444,8.381700546782161,8.356481473743997,9.371771209066631,8.831491704575052,9.224169733188036,8.567095580361125
9.551724129263407,9.05737704093135,9.003642979049504,9.391818173280164,8.52550090298224,8.496350357211359,9.526363627703304,8.983666053553842,9.359999991490907,8.719202890652895
9.663685143413518,9.198206269777392,9.146188332604314,9.525514763182173,8.675336315089384,8.624438446878312,9.624888084489804,9.10277032251763,9.4870187918648,8.850892849240273
9.776014100726618,9.31802119318196,9.25441695295546,9.6552028133552,8.805653702468502,8.759292027646643,9.7513227427237,9.227992949623244,9.603174594706196,8.99207745687317
9.882710677773492,9.452567441729704,9.379460392184978,9.797567324241903,8.939947772898217,8.87445509252445,9.87836662912392,9.357328699603356,9.739357072337656,9.121422368498331
9.981180487612336,9.577549263429692,9.497857746788467,9.911890496225928,9.049700077935132,8.999999992274677,9.97519246366536,9.458582400120765,9.847733096794068,9.217762588200031
10.081718609872182,9.681012650058216,9.594936700763766,10.027801170995954,9.18143459140807,9.131868124148886,10.077506309959976,9.570227073532187,9.962931752347991,9.339781320992614
10.19087136083745,9.78553615146672,9.673316700188431,10.118672190772886,9.279301737922442,9.26311406389416,10.164315344261976,9.675227829597988,10.071369286247826,9.420878202633904
10.27287580860059,9.89279868257545,9.773955765950896,10.176470579921183,9.39312038542742,9.365053314712837,10.225490187724272,9.769983678817304,10.169934632214105,9.50734093841163
10.354501599393489,9.977455708552773,9.874193540424036,10.25803857696299,9.468548379460849,9.455573498016498,10.311093239299764,9.855421678830986,10.237942113956636,9.626506016364251
10.4327531563032,10.069785876233317,9.969023026235885,10.3235759411997,9.585385218756644,9.556881456199775,10.409018979106788,9.942201100599998,10.323040371874075,9.719936701170935
10.511682234803985,10.15624999206543,10.05555554768736,10.413551393758915,9.651017206845838,9.659874600580034,10.487538932642105,10.021840865817596,10.410296403736115,9.802959493922929
10.577011486147883,10.238461530585798,10.13174113241006,10.47509577741372,9.72573188773056,9.746913572726148,10.545593861650884,10.082885640765245,10.47122025290006,9.88735631426256
10.638763189563528,10.300757567953973,10.201062207738191,10.524132722078331,9.808042481177509,9.835866253924111,10.594268468631771,10.14199395004381,10.540030203519612,9.94193061090352
10.701559012099809,10.354213265955098,10.270553056598988,10.596139561547036,9.872197302038716,9.906437118333503,10.657015582288777,10.218587352997332,10.605204453081631,10.0089086785383
10.75383490814183,10.410858392948748,10.317880787109726,10.6398831185976,9.937454002989364,9.9638909285454,10.711468217157435,10.26188733704324,10.657644469160465,10.078889693149094
10.79439251560432,10.46498194190254,10.38884865286832,10.681524075714217,9.984793620575818,10.025399121897388,10.749101358196189,10.30957522655898,10.711303088040818,10.146657073942016
10.842179751704048,10.53162756891853,10.446186735248618,10.716914359011383,10.04062722021338,10.092923509583327,10.78131634056524,10.33947554192808,10.750531530297284,10.196744507999473
10.893454031411244,10.563636356249203,10.479663386760404,10.759052917298709,10.091164088295116,10.141350203838712,10.821030633132986,10.370990229866813,10.774755919961816,10.23816155275894
10.933516099428706,10.60701995140604,10.52795030329334,10.806716921996768,10.135955824612866,10.186159162500926,10.860863597765,10.412491413580993,10.821551125036684,10.27073337198716
10.960188926477604,10.640921402004794,10.560461949347513,10.84952765799627,10.16847825396163,10.237057213734976,10.88461537727084,10.450675668614409,10.856756749421107,10.307692300737047
10.996013281730225,10.671999992885333,10.58689838864512,10.87774085655964,10.214572185685446,10.268096507863206,10.930897002703722,10.48636060513216,10.890219553632589,10.345285517699011
11.024869102732415,10.674540675410404,10.605921045653998,10.898560202291517,10.251315782729396,10.312664900849166,10.956806275551829,10.534076008824329,10.929882037398505,10.387581692557136
11.052157108144137,10.691413808462611,10.62653720995046,10.92659368259717,10.275728148688849,10.339610382896357,10.966516412771076,10.558994190484206,10.947130876242984,10.403858514209736
11.065906203380289,10.71855145443548,10.655414005951965,10.937896064044423,10.31273884693456,10.37915600359389,10.993029143857395,10.562182734414858,10.983502531101838,10.416455689609837
11.096069862073568,10.744840518608603,10.668338551305116,10.941359943268022,10.330407517034226,10.41535556298593,11.009981278222094,10.587133035236018,10.989381629613128,10.447975071371978
11.086503060683128,10.74169741036796,10.679827260530642,10.947852754019722,10.353485496388966,10.440866866600082,11.01901839814784,10.596437339928478,10.995085988332256,10.454044111241394
11.07966203314444,10.75075619434316,10.686703090050576,10.96801447738804,10.364298718661628,10.439975618257174,11.016294501498916,10.607250748877794,10.996978845319044,10.46413501478955
11.081353912659528,10.780357136440262,10.68518517880216,10.96733966094576,10.38530465329432,10.450239801888344,11.014251774932154,10.612960754689084,11.00475623602571,10.4567022476532
11.080607470163196,10.789103684364909,10.694885355264615,10.966121488921658,10.395649611760346,10.45368730946685,11.008761675812638,10.623391806652986,10.981286543285796,10.4708284653029
11.06724137294986,10.81949249664389,10.697337956772373,10.955747120140376,10.401620364350912,10.466318228532916,10.998275855748116,10.634637508265456,10.972382042018191,10.479334092721391
11.062782799172634,10.814415430865823,10.697038718281869,10.957579179322636,10.413439629605104,10.464306104817643,11.002828048075322,10.62684031108333,10.97112117159053,10.486440672041558
11.052865881439695,10.80457844176182,10.700672639741777,10.937117411832432,10.409192819277358,10.48146066826884,10.998330544797811,10.617827292134914,10.955431748771346,10.494163418291182
11.03285870151541,10.791208785279554,10.702702696799392,10.926615547137668,10.418643127182214,10.483692642076454,10.992332962216684,10.595394731033226,10.932017537866216,10.479759294048272
11.030188673299088,10.7890751699356,10.69180683087802,10.911051207056037,10.418339657939043,10.448069597363746,10.98167115310961,10.5801403072962,10.925526167876132,10.477652121444452
10.99575596233647,10.767021270868604,10.676093911058649,10.896551718357266,10.390074700965808,10.427807481054648,10.964456227605062,10.55520169291125,10.911889590811098,10.476947530218894
10.977035484876286,10.749869172815348,10.65826771094054,10.878392478664722,10.386876634967518,10.410836396417237,10.9316283867789,10.53183715525478,10.903444670718452,10.473409796416366
10.963533635868757,10.734294536182134,10.632747928392176,10.860297888618234,10.373966936790303,10.410455481154008,10.920390338510328,10.520287616579203,10.88751925480867,10.476141605707468
10.946916071310962,10.711246195181738,10.620426823871734,10.834175929810833,10.358739832134786,10.404786145415075,10.909504544535134,10.514661268698353,10.86602628368755,10.458080802798948
10.928855715955793,10.692422726474366,10.590704642383455,10.80945273094057,10.34182908028894,10.377065593201268,10.882089546824831,10.493532333087794,10.841791039382192,10.42992047195332
10.903083695103728,10.663070127188291,10.562653557463069,10.774351438681178,10.309582304516177,10.364039403761556,10.856093974128196,10.48947625526702,10.812041110713636,10.423960875098308
10.861819927365518,10.645752890614984,10.543520304379342,10.74434279694543,10.296905217457978,10.347067372589883,10.823784299073768,10.470134869715736,10.794797682661466,10.39682539182452
10.82662244868469,10.624703082838622,10.52356020441525,10.7091425813789,10.294145640031346,10.318073433324717,10.782093789302657,10.456614504287998,10.763869127186409,10.350686223213115
10.782284377257676,10.5913978445108,10.502576107492938,10.682051277071306,10.26276346123524,10.28202721244391,10.748717943706891,10.428371437037624,10.736350904929376,10.33581741484126
10.754587151030009,10.561637529640462,10.456221193338148,10.64908256392244,10.241013820165431,10.256694362762376,10.71238531618698,10.399908167860463,10.700642786638824,10.299725018194444
10.718411547509742,10.529411759941445,10.422937438611545,10.602888081857904,10.221668173063614,10.21798364658584,10.661101078221526,10.353658531908918,10.670731702497411,10.267357975533203
10.675987567387487,10.492656871164815,10.391885862509191,10.560585880798676,10.188586709679631,10.181411970428323,10.62671992426688,10.31497111936252,10.623278538150476,10.233362905841457
10.642514181299646,10.440700214249148,10.361403504227455,10.515931902873884,10.168421048171746,10.163588386031844,10.57442164531889,10.273044993327634,10.578855390747552,10.19860322557896
10.598969510262355,10.408699392588847,10.332037992084611,10.48561613976573,10.132987905814772,10.140199043643358,10.536281661427102,10.227331323494916,10.53631284463416,10.163160150209034
10.559121617162534,10.369224243166926,10.30174245206046,10.439189184780748,10.101572456395422,10.10515112383774,10.483952698275358,10.17674418174345,10.50909090464732,10.127111482209836
10.521395924170587,10.329161447505566,10.263906311056502,10.397590357126054,10.055625257191291,10.072894842868498,10.445783128190367,10.13607989590675,10.46899708261798,10.084302321393563
10.483844576489226,10.291991782220949,10.222633740649124,10.359100200262128,10.00946501645701,10.035861496275407,10.39959099779158,10.102007369888568,10.425235554926164,10.046587654251498
10.434380028005483,10.25626515349383,10.176518214503435,10.30917873981112,9.969635623494074,9.987834545828129,10.376811590025438,10.05403225401047,10.381048382910867,10.002815764278836
10.39025356165204,10.223548126402726,10.133067725046589,10.258320122718574,9.925498004013749,9.942936947349189,10.333993656761493,10.01865078967514,10.343650789546173,9.966349956466212
10.34165366211324,10.170645788582918,10.08624068597168,10.217628701163171,9.885927083541386,9.903023160619153,10.295241805657083,9.977734371102448,10.292187495979617,9.924395943131568
10.293282145760736,10.130535229060248,10.029309676039604,10.163531665964095,9.84805244510295,9.857473924350144,10.24529750086553,9.935793921593312,10.248366009131733,9.896049094784791
10.238760857484412,10.083364907130214,9.976091077807936,10.108046841666775,9.811005688876278,9.80957810345512,10.192670944392644,9.895951566441184,10.1944759704145,9.855417134822416
10.184758360526112,10.044759414380918,9.928304701296376,10.057620814104974,9.76213591868479,9.758040385281213,10.14460966165628,9.855865918116995,10.145996271826444,9.802748881945488
10.123217546572864,9.989353887669107,9.878398232961649,9.989762336384,9.7303453307383,9.717071372436692,10.083363798872629,9.812751920185873,10.092341513341026,9.752283518541365
10.064365332591024,9.924521484317616,9.82754880338845,9.931319665612614,9.67932031464956,9.667632147115269,10.024092049613776,9.76540540188634,10.027387383773917,9.704994606645707
9.995755214009284,9.865008877490228,9.7769477019648,9.868058008536238,9.628957662885464,9.628296504052638,9.9681641280622,9.716412616194113,9.972350226879708,9.657829618360612
9.936651580251777,9.80433263109562,9.720783761469283,9.809954747716688,9.571378583075097,9.58611013343174,9.91402714587051,9.664108821184476,9.917683986774438,9.609739127092263
9.886301366477294,9.750171817955268,9.661734339414409,9.760616435013487,9.522367512208408,9.539682536390725,9.848630133613485,9.607755659022734,9.861358953376335,9.552703624383058
9.821428568119464,9.69574036183376,9.611035880294166,9.698787058726824,9.47122545380121,9.489477254076892,9.79919137136146,9.556043210818352,9.799797430857598,9.502693599494044
9.761604771299202,9.63972055567541,9.553964020801478,9.638594161260414,9.426382408585482,9.42885771228161,9.749336866793987,9.511295677903224,9.745847172841913,9.453943005482458
9.702120714615948,9.586116565295969,9.50721311163698,9.578792819060752,9.388852455938082,9.375616165173968,9.687765086561903,9.461739696055677,9.68803138989927,9.399087052690223
9.643659707979564,9.535115976309564,9.44691835771316,9.520706256975696,9.327847689794176,9.329453601898011,9.625682179895447,9.41280565977709,9.620978117882569,9.33910811378277
9.58622867669418,9.475918881661624,9.38857142559093,9.463676560497891,9.277142854197733,9.277989818931935,9.56664560658034,9.360126579316416,9.560126579253124,9.284406562725882
9.529210686908264,9.41583540853621,9.325109303771049,9.410192663328097,9.22579637438295,9.218397994612516,9.504350525324938,9.299190532596766,9.504981317090603,9.226708071668725
9.461938242292284,9.35398772719203,9.259680390516388,9.343625799650374,9.172095879172682,9.169334972546388,9.439620908150529,9.2401225086554,9.44441041058364,9.166513898818664
9.397593982136062,9.292484150530491,9.199879041669224,9.284210523523546,9.120350768333733,9.113333330571718,9.377443606202274,9.179873453094345,9.385357032423816,9.106702732459665
9.335010355331455,9.233739230996813,9.137459086838009,9.225510503336634,9.050580181776084,9.053369108809372,9.319917132488929,9.121257038505409,9.324933291039155,9.050872520245232
9.273150841795822,9.183864364459554,9.084016390783368,9.155794988597616,8.978922713999145,8.992668619063734,9.25247524483038,9.067697692130816,9.264954768233162,8.999417925203895
9.212320914265812,9.117917742560277,9.0290814831474,9.09054441000271,8.921105669760696,8.92902480988776,9.191404008827678,9.01378517834182,9.208500858929208,8.939576171552241
9.147208119247829,9.050636489660356,8.962050408110436,9.031866889725926,8.85754743447818,8.869997158992337,9.133389732336887,8.959875668561777,9.14382593694721,8.886696728047719
9.080743615682367,8.98970506149424,8.897743101449501,8.976970030805502,8.801894675730875,8.812622170116553,9.069089897594592,8.901889936380798,9.072540297645208,8.823023575915943
9.012827508457198,8.925561026566623,8.838815787050763,8.914028381846608,8.734374997605709,8.75439560199055,8.997270739902492,8.836249314150834,9.003827225532032,8.771561132977194
8.945771809678988,8.862950993844116,8.772384032154157,8.852617447287889,8.674217904888291,8.688378376030169,8.931006709011811,8.764183918052115,8.933584294451846,8.711946306386055
8.875627143154047,8.798675494357967,8.706818782513448,8.792183784316824,8.612364020002026,8.627758572553109,8.86400844761975,8.690293570830391,8.862999204215024,8.651703192856694
8.811688309399562,8.734167315941056,8.640824847653139,8.730909088641322,8.556512657646435,8.563170282876493,8.795064932780503,8.624869924915487,8.794224763581107,8.585714283484231
8.74297393746986,8.669743587520578,8.573189520140424,8.661216144951146,8.497945555085273,8.49742665761775,8.719213079019108,8.561924255741575,8.726458544338163,8.522994376974196
8.67102286788866,8.60872855484139,8.511874682033381,8.594873081529311,8.436331478414267,8.436202529509822,8.649660716599733,8.500377546312516,8.660458089941994,8.46041718812254
8.608061323291775,8.539587984974041,8.445190154500326,8.536102866336275,8.368630373261588,8.37733499168684,8.585311570577321,8.43872245396417,8.598910619311981,8.402324429178456
8.549282061681849,8.471435544806777,8.380684594527951,8.470430759681083,8.307090462516603,8.318549373114788,8.517644193595121,8.37028014412417,8.533739340186665,8.33925529122919
8.488505745093748,8.40475618342427,8.322270320268814,8.404932948178894,8.244348242365476,8.252892958473264,8.45282566847394,8.310237351160335,8.469431788906872,8.278735630201451
8.426248819880714,8.34491725571042,8.257690485504568,8.342601317544155,8.181022241320155,8.185914155042466,8.3923185654118,8.248230295363795,8.407503537421542,8.213242222381423
8.355900763191304,8.275645497028227,8.192083816486127,8.277996752080222,8.12153666865622,8.119430835521475,8.32436818726539,8.18667285623713,8.341537030800664,8.149084162265456
8.291058392269374,8.21194781226552,8.128293239833152,8.212135034623143,8.059335622437724,8.058756022938086,8.261633209794335,8.120146183618056,8.277523981663425,8.085538319323554
8.221274683971886,8.1448198179854,8.063570782672775,8.145197484707092,8.003381422902754,7.997515806685294,8.192549369795207,8.060224717289836,8.213707863322762,8.022217233388192
8.157429894423176,8.075337910907303,7.999778219560927,8.080812539615629,7.941006873377465,7.931999998237333,8.125634796174511,8.000663274817452,8.149679414514774,7.959593727542593
8.089289591985816,8.014821271138878,7.93150087087009,8.011514228109599,7.877181499154192,7.866389676827817,8.05561590092209,7.935624182702125,8.085689428428514,7.892678686097614
8.026507052580909,7.954331044606704,7.870600856680128,7.939290293300707,7.816309011198216,7.806583475084642,7.991021802481611,7.868848949963874,8.017329908425902,7.831338177034771
7.958359619777421,7.888607593272445,7.808277025378319,7.875499472581388,7.751266890255222,7.7425910229164705,7.926813878459134,7.803409806818899,7.951799619458682,7.771608831173163
7.891601156828382,7.821050444712258,7.746727611106019,7.808647081545583,7.691460625869216,7.676109142329492,7.859950350049658,7.742596809330586,7.885483535331231,7.709350432828019
7.823972322380143,7.756535946128157,7.688470971445529,7.741758240182792,7.63246115951912,7.608401637785163,7.794057792471701,7.686570204261958,7.818422659910653,7.646927145370995
7.758710450989445,7.692524114209701,7.627916329921979,7.674809770189265,7.569991953425182,7.538197942443419,7.727472966013721,7.620136380340927,7.754913756968529,7.578978977461666
7.689458126563653,7.62705161011923,7.561448642873254,7.611231525593846,7.51335839946302,7.473527660623928,7.66344827435203,7.567002169416419,7.691730805665732,7.512209529832176
7.627690516263779,7.561867702808975,7.496105917543592,7.549932129619947,7.44801401724143,7.407725320443284,7.604808996004497,7.5040776684458095,7.626990289781166,7.444013946640059
7.562488073351939,7.499425725976373,7.435440611602406,7.48025185890474,7.385823753374363,7.342928419239507,7.538446859847653,7.441153991700199,7.559992356217044,7.383838382431134
7.499249247841732,7.437370501518671,7.37662582330318,7.416478977586997,7.319509894944484,7.279025862322253,7.465465464064289,7.380710658510864,7.493513816978094,7.319085112988548
7.430391431419794,7.375347542655171,7.316023737515573,7.351550958760791,7.2577893161613884,7.2163818708736285,7.398449038515795,7.317980020843881,7.431187567992751,7.256916265721705
7.370208899660271,7.309684477966499,7.2509124074359645,7.291189826105142,7.195255473139551,7.151681285242748,7.336421433726353,7.255505003229207,7.363785257986572,7.195427325858206
7.305272563484312,7.240581268884,7.191382404453971,7.227882036241665,7.132675043602751,7.093328536757179,7.273100981720625,7.189794090028685,7.29973142214866,7.129798249039493
7.242349629398109,7.174196963082562,7.13157894610887,7.161449172148883,7.06976333326214,7.031321888686724,7.20647203531367,7.128435516714511,7.236081746434799,7.065179197634367
7.175635921928424,7.108525784492355,7.069331015279004,7.099325141529793,7.0130321447414365,6.9717917452600044,7.143796503349403,7.066054090314484,7.169036059783454,7.004148659117692
7.1132107580672095,7.0437307811677945,7.005983927678922,7.036091248376559,6.9521285677975495,6.907658042332078,7.07848144244493,7.006311837767602,7.107130670913147,6.942176869567657
7.054606363977452,6.975970423966396,6.942640873516797,6.973199328815209,6.889318754097675,6.846594739236919,7.014070350583907,6.942262503030839,7.0464921102641,6.879183399116602
6.988134474787716,6.909902462074739,6.885652820306858,6.913810150475641,6.828727452121673,6.787195221962648,6.947593934253857,6.878943021159547,6.983815027748338,6.8154428701324585
6.923962385388462,6.844014312484708,6.821527437417109,6.846141373727927,6.764370622575416,6.724869450599727,6.886673150634456,6.819629508154106,6.922001948826454,6.75461613107311
6.858350613039025,6.782205151739125,6.761897130786428,6.779869196557685,6.709181219883162,6.663027772248671,6.823576326874528,6.752997600838849,6.859472420965711,6.693705178216142
6.7931575632779095,6.722134759647019,6.703452623884052,6.720025108801,6.644962950237275,6.607171061979597,6.762711863345462,6.693614343080589,6.796162314124541,6.632173093974259
6.727806082024424,6.659231721397268,6.642879303964802,6.65647676290621,6.583462611451526,6.543745142728245,6.70032422314338,6.632466727540627,6.730733517992768,6.569797932042295
6.663223453339932,6.596616884090731,6.581437947400177,6.596232719642073,6.524042129976485,6.4867757213749,6.640437489497123,6.570580172594704,6.669103090198096,6.510396113748612
6.600358689792205,6.5368815582403474,6.517723038973006,6.535345986170177,6.468158605216558,6.430054150657332,6.5749514263077335,6.505318351085346,6.603745317362734,6.455129161347599
6.538744301347045,6.480749372107869,6.45987882274865,6.472871635572288,6.410669424204127,6.368654727487249,6.511542419274879,6.444067795660417,6.538835665948587,6.392038776969442
6.475694443507567,6.421915819096964,6.399156608055961,6.410156249072604,6.350588918663576,6.310861967630917,6.447916665733808,6.380365428309111,6.479408351728623,6.329479767871463
6.41508896705835,6.3613253347098935,6.336528830113531,6.353594305145395,6.293890398298198,6.2492479578499855,6.3881850524714325,6.319303751416849,6.41674989207922,6.272429972092644
6.354481791827103,6.305227655100445,6.275056305422993,6.294397758222073,6.235219593716889,6.189966177256205,6.32717086746118,6.257054610942432,6.356310542418038,6.212926691912013
6.295852279689147,6.24955066967378,6.217559893890381,6.236323548816822,6.173244702094828,6.131308928711688,6.265261126324202,6.200580189777513,6.296173503757953,6.154576736936741
6.234711863561395,6.189200216786017,6.158583105427986,6.179932202551873,6.113079018240724,6.073134123881411,6.203254236447016,6.141070942356473,6.23552595729335,6.09926868823141
6.175717143939197,6.128997724323699,6.096769869173466,6.118212140611313,6.056024660761825,6.018662727441103,6.146764508853,6.081561705297291,6.176895306033307,6.041439039834585
6.113415593841768,6.066745654809538,6.038370252368358,6.059726961661889,5.997099155327386,5.9586471124377525,6.0895248088619685,6.024335700338813,6.1168113646255176,5.984923963557299
6.054371689777299,6.008030047143112,5.9797639115346,6.001808083946557,5.937216239987389,5.9026261042768295,6.028929354768316,5.964798756831267,6.057331434443208,5.926351089136289
5.996823379161776,5.94686544266732,5.923557936967386,5.946251587554478,5.879913220280766,5.846872200863903,5.9716645481611605,5.907817671771349,5.9968169078180775,5.866624364737738
5.93611701388472,5.888429233309712,5.8637790325343655,5.885860731855749,5.823603263550081,5.79128902243312,5.911113888497173,5.850807966196817,5.937742702500596,5.808340616080867
5.876752766804827,5.829551059961822,5.805335967662384,5.827429273575961,5.766551382686938,5.735075550441531,5.85055350481543,5.794799111930638,5.876879466862598,5.753685502978662
5.821856467890372,5.772936892503284,5.748207557935568,5.770059299797887,5.709442215857401,5.675520896103872,5.793416434007816,5.740754212957348,5.818358190151769,5.697691284213986
5.766968325105148,5.716622879661258,5.69066124528391,5.714693974075411,5.649168957832217,5.617238071731331,5.735889496816398,5.6848007628627055,5.758888092846709,5.639552859360262
5.705599811890159,5.658207025536576,5.636780797077682,5.657450795963279,5.592775620003203,5.56079726317245,5.680178068687889,5.628712289514178,5.700434322608237,5.582475432196715
5.647187643424713,5.5988903010520295,5.57872192572601,5.598893498663106,5.53970826516095,5.509979112844049,5.622060856890034,5.5722369782224,5.641644531049585,5.527163903599544
5.589929688638021,5.542704423343261,5.521867880920061,5.5426400538055525,5.4838268786464885,5.456673135579783,5.567815830622838,5.514146119132581,5.586410634520348,5.47157417831579
5.531406894395692,5.488585496252396,5.465822500508088,5.485328572410428,5.42727476407135,5.403459507424075,5.511993751476961,5.457126885918711,5.527780882556984,5.418050138672084
5.475850712900565,5.433384716424423,5.410253582644955,5.4281009873295165,5.372546857180535,5.347883743469125,5.454884741442933,5.398702155147525,5.467883853336132,5.364064897460637
5.423155847778037,5.378615534028966,5.356220847667185,5.373582459728525,5.319232020249568,5.294661302022979,5.400907224818996,5.343144680733347,5.411751974308868,5.31125970607083
5.368969181151012,5.326476230513059,5.303094983425496,5.31742826723513,5.265635004774212,5.241467850086502,5.344208288486269,5.29085489137753,5.356222718475863,5.258064515571088
5.312526139135035,5.27446250600163,5.249265014148544,5.266311166325145,5.211465770137393,5.189809453080344,5.29004600530217,5.238504241621608,5.301455954194882,5.204948840550746
5.257483797422335,5.221752140623078,5.1954343554183,5.209957822733262,5.157318458304171,5.1374559762650245,5.235160991128982,5.185818818387528,5.246830876507592,5.1501797632100486
5.20374493874456,5.1684263954143725,5.139837397851642,5.155263157372949,5.103861788099201,5.08571137330965,5.181680161418858,5.131312106557361,5.195092272845762,5.098029307215964
5.150184244084236,5.11506192517828,5.0894910503860125,5.104770440682724,5.048995099985102,5.032888799254699,5.129867542562507,5.079018257499849,5.142871395276576,5.043348577744745
5.098775109740443,5.0595460346802055,5.037485241535076,5.052229298867983,4.999704840122028,4.981355430109366,5.07662910288323,5.02444291695058,5.089329537146429,4.9909028655980725
5.046664095155547,5.005317091550143,4.984027105035428,4.9977824908409385,4.947725072125099,4.926048136167891,5.022175086287874,4.971991500389029,5.0360247242576754,4.939659320090495
4.99354961060581,4.954727030154582,4.931809523339828,4.946404856294213,4.899047618581043,4.875393869485783,4.970973249386172,4.920840064152729,4.98498526988644,4.887994697511078
4.941857209058156,4.903901936473856,4.878759486097746,4.896313578637768,4.848777288030659,4.825911311083623,4.920951936078306,4.870126226753611,4.933613837780868,4.837168141142322
4.890541781001787,4.854354630376141,4.829738200144751,4.843985307176861,4.797105456784927,4.7753743755985045,4.871625343905269,4.819703798655165,4.884003311113605,4.785517873071905
4.839176002453995,4.802717390869319,4.779319727457658,4.79382002125101,4.747482992766668,4.727082575052102,4.820292735379446,4.768325791423681,4.831221719019799,4.737463924536664
4.787377777352233,4.754032616990105,4.726818384227861,4.741244444023001,4.6962070500048005,4.678446809995665,4.767644444020654,4.717033211226335,4.780073011772765,4.689147217615658
4.735024048558371,4.703901797044813,4.677379697516915,4.691298644102203,4.646469967979762,4.632658450296421,4.716834280304606,4.667104686406736,4.7293035475489,4.6397450445612725
4.684504860648326,4.655193236313389,4.627095213009582,4.642088961142382,4.595645411733571,4.584791269306704,4.667297599185469,4.619548353333947,4.679538010284474,4.5904639171314034
4.635178601266702,4.604566287166477,4.5812292778558845,4.593533095937572,4.5478194334312825,4.5377471025445,4.615710173978694,4.5697930796667405,4.629833785224743,4.542519019058113
4.583992670560174,4.553486429682381,4.533500626973359,4.543349712289219,4.500460058176457,4.489814736818692,4.565919879689687,4.521691973592383,4.57917570460711,4.4947604786681
4.536261574650802,4.50373839417437,4.485639041684994,4.495533884741823,4.451814665093258,4.441603430844474,4.517495697409039,4.472215381722711,4.528687515018576,4.445953685913922
4.486817705032103,4.453560746548091,4.436968666145496,4.4483592675604,4.404258764115921,4.395714980977462,4.468918809605022,4.424971732803669,4.478194152440786,4.400611866645148
4.435948282348223,4.4046445041828655,4.388132217890233,4.400174505877673,4.355475905666629,4.347732353533397,4.420639327007168,4.378496503148562,4.428957405878182,4.352265525637495
4.386686436367513,4.358528951145655,4.340542234419328,4.354065865119864,4.308650681373715,4.300706991021154,4.373809895085546,4.331821735392351,4.381860828429878,4.306625097092235
4.338375306792201,4.309107706189152,4.294172062573684,4.307202088121375,4.2608695648889245,4.255893036227228,4.326858107775887,4.285175782422865,4.334333409928892,4.261349692924743
4.289793759591313,4.263389136863617,4.247402350834478,4.260859711093083,4.216989002334699,4.21040225045925,4.2817859028267895,4.238268240672247,4.28731456219442,4.213595895260782
4.242994127388464,4.21545684869463,4.199910454130295,4.21601129828172,4.171778225194256,4.162726320203297,4.235560841133163,4.191898130598563,4.241790155317463,4.167161519880703
4.195860454604267,4.167534276400943,4.156020557697795,4.1682147294545295,4.127239353588308,4.11696724297998,4.190448328516752,4.147629862689748,4.195252399135816,4.120134374927325
4.150464128650035,4.122709565421822,4.110741890911599,4.122184643871182,4.083146716457188,4.072494205962305,4.144923364456723,4.10199668391105,4.149643191512316,4.074872457851916
4.103787610328936,4.079281708845249,4.06616915393986,4.077805309445819,4.03845060383522,4.026576415815705,4.100530973161025,4.057446808222876,4.10496453871596,4.027854365215422
4.058999721088116,4.033729049997644,4.022167831886562,4.032320980493709,3.9928671325879113,3.9813542686119896,4.055377542208458,4.012560183936044,4.06007954755006,3.9830284479388585
4.01288553776471,3.989350006596856,3.979014723821452,3.9885538037019495,3.949222512457051,3.936965516969865,4.01144619574973,3.970824465986763,4.013798310975918,3.939369054681491
3.968507653653752,3.945511086807361,3.93623070647602,3.9436914152037432,3.906715407263288,3.893269100020812,3.967428686764621,3.927259218970197,3.970079697151825,3.8954349579924967
3.9244344188997258,3.9032858850669614,3.8940322363198328,3.89895840218278,3.864060210212864,3.8516589889944814,3.921448948190709,3.884037745621741,3.927232854603453,3.852192924085584
3.87951178096211,3.859620418595575,3.8504587153440064,3.855818810530917,3.8217562251755073,3.810024305077184,3.87781476379624,3.8398064597986266,3.884922191455151,3.810234680325278
3.836383483989188,3.816741789837943,3.8074790455314327,3.812560200101936,3.779174725739576,3.7660289552891655,3.8355487058475854,3.79831446192754,3.8414822437055145,3.769018601425977
3.7926459436572753,3.773441459466964,3.7661760971982887,3.768890573428804,3.7367419434320768,3.723515197524894,3.791698256015182,3.7556174439043217,3.797012468903284,3.7273587880260415
3.750668241204037,3.732576985180615,3.7230682808810966,3.725119661607191,3.696292597447491,3.6818068065764633,3.7491141913502135,3.713929883323125,3.752786599180971,3.685811859442048
3.7090086230989536,3.691076356719345,3.681650699847602,3.6827716956955054,3.654016212008474,3.6409577739972327,3.7063176561857794,3.672282808254363,3.7108197522539625,3.646221516058023
3.667188157911596,3.649529326354723,3.640867621071786,3.642397255933426,3.61265180329813,3.600411821487378,3.663758348657334,3.631442521934327,3.670263427351241,3.605277393544192
3.624474572042835,3.6083833044227047,3.599928664629656,3.6007933216742174,3.572464629439278,3.561673221096313,3.6207447751097774,3.591779846771141,3.628847636342516,3.5641040802150146
3.58218779103086,3.568199076840458,3.55992279326432,3.56022833157268,3.5323741005128166,3.523069707244939,3.5797413791018324,3.5513217013741425,3.5884343815377,3.524466166083408
3.5420630370463,3.526581987267856,3.52017033990216,3.519942693208026,3.492547620216807,3.4825517676943787,3.539025787762806,3.511310138735141,3.549489034128517,3.4849438972129065
3.501917004764213,3.4862862634458924,3.48024006321593,3.4803788901961896,3.4516476048323157,3.44282390310182,3.498195759838848,3.471305919370125,3.510336646887125,3.4460403287458576
3.4622510676506213,3.4474738480164997,3.4410650621969103,3.439562877714564,3.4127116753892204,3.40329424883287,3.45875630978761,3.432255195985759,3.469878848312222,3.40656173778505
3.4225836378637458,3.4084414516117345,3.4010194013262622,3.3994978986301643,3.3751507177806013,3.36365633908132,3.418490421687579,3.3933727032265217,3.4305008747030565,3.3689950377136704
3.382376630866005,3.3680723863107627,3.362435288860956,3.361756967010592,3.335957721994394,3.3250459407996407,3.378617837975696,3.355786302073719,3.3924248128588568,3.3309549354436183
3.342614116475982,3.330189178987325,3.323765055270135,3.3233305154626303,3.2993579878336416,3.2872640253503183,3.3389687234077043,3.317277154175456,3.3548062670254706,3.2932017310623243
3.3049693313595503,3.291188738097435,3.287392325591888,3.284956856051307,3.2612894803831223,3.250300842188547,3.3016425822174007,3.279137589663621,3.316269138458688,3.2559588719293786
3.2669155626621533,3.2542320712396515,3.2506163959702787,3.2478392060938046,3.224265461104157,3.2137856479350466,3.263693550694845,3.2432750933420467,3.278731362234015,3.2188218462566383
3.22859011757932,3.217634886023437,3.212816495516611,3.2108785346074837,3.187648455895909,3.176813208915275,3.225772365742892,3.2064324240960613,3.2402076925321266,3.180314683397159
3.191178654364082,3.1817549782399683,3.1765203121089693,3.174149794407497,3.150812987760389,3.1404295608142507,3.189000544369635,3.1694276359900093,3.2027080645172745,3.14422791556315
3.153265474935311,3.145216456408423,3.141431436664477,3.136950275014029,3.1152585488422653,3.1047805833241098,3.1534602832925795,3.132533059916433,3.1654223391809198,3.1089590732829357
3.117010062141015,3.109706263972419,3.104201761413861,3.1007187348777805,3.079703518165293,3.069471246474842,3.118160038183126,3.09683614176884,3.1289548224528803,3.0734019629842755
3.080944748110459,3.073550278919991,3.068756510887927,3.064868941963753,3.04460649668318,3.033796933448816,3.081651895008408,3.059612659279187,3.0923004249838306,3.03848871705665
3.0458719850164253,3.037693703614049,3.033311591360729,3.029359925647989,3.009597465383452,2.997898374603124,3.0450834877993933,3.0242134125099125,3.056931728258729,3.0030590960369383
3.009446016107993,3.0027470010528914,2.996607838505771,2.993611389842401,2.9743754296138265,2.9632403619462737,3.0087615221772035,2.9885682928808555,3.022040330924046,2.967530098368865
2.9733758360807534,2.9681531530194527,2.962521986065822,2.958514793563574,2.938483741354869,2.9288394591559817,2.9734207334901708,2.9541548565729,2.985963017816801,2.932516713647753
2.9398798479132484,2.934494526307029,2.92825131992154,2.9248608533030804,2.903536406668876,2.894088341137223,2.9393055922369773,2.9197503539784107,2.95091182706485,2.898419565473317
2.9047329304661336,2.9010552937859297,2.893215751205221,2.8903472552961733,2.870863529080989,2.860131290903277,2.904993697991873,2.885119540004132,2.9153856202188133,2.8646570819239603
2.870691866806179,2.8672930877904794,2.858474357750259,2.85628153583955,2.8364831198850404,2.82660179112872,2.870777388058207,2.8509854326113544,2.8815766922501465,2.830648262773785
2.836762169092652,2.833678078313408,2.824543610428307,2.823383398425538,2.8034144691175027,2.794187425741646,2.838066388874666,2.818101340408983,2.847862743324852,2.797393314996956
2.8033363687886688,2.8004402357836846,2.7916510746833123,2.79062836315959,2.7709866532463936,2.761243799643148,2.8043712226672586,2.784778100257786,2.8140190791035247,2.76528501684598
2.7689488045139514,2.7682343806330145,2.758600940774858,2.758563108265444,2.7394559213442644,2.7285104985757664,2.7718405081753006,2.751887369812206,2.781391552630835,2.7332519331406897
2.7363654577144314,2.7361099942616343,2.726595830204999,2.7253856941404373,2.7075988085523788,2.6962837427794746,2.739250651062342,2.7194250380342315,2.748494338603208,2.7013174227084726
2.703359091519344,2.703176298298992,2.6933159102441864,2.693581453923136,2.674982180934704,2.665369804173831,2.7064737422052327,2.687485185956882,2.717310579018831,2.669529587791761
2.670623375512214,2.6720635166703484,2.66180996522413,2.6616238022164698,2.64178581157654,2.634403562118803,2.6743861281401764,2.656418826901301,2.68514128016304,2.637878905239248
2.639135910742371,2.640206777612858,2.629474894494846,2.6302049539090038,2.612188577899111,2.603896852442108,2.6418838974603305,2.625659655731332,2.653537284793364,2.6062697836617112
2.60803604947022,2.608197709365273,2.598747972900451,2.5993616221329567,2.581890862368221,2.5743562595918497,2.6111903866837705,2.5947776355408694,2.6217924598306195,2.575925856344005
2.57684918338222,2.576464047347055,2.567400096376112,2.5679819699043827,2.5518162590422686,2.5439732141910723,2.5804330154961783,2.564542997720929,2.5902343315222214,2.5448907264270195
2.5459304226781807,2.546787251019372,2.536961997498012,2.536915191299687,2.52162961331283,2.513689604593204,2.549238430966257,2.533782553176697,2.5592788197938705,2.514201656163221
2.515290246342312,2.517043415769033,2.5055130552560603,2.506777781662192,2.4914700282838966,2.484190434943669,2.519868378607251,2.504354058322725,2.5289733021849496,2.4847228673664468
2.4856599921706843,2.4868500016773094,2.4751236748242005,2.476651300190849,2.461978798499577,2.45569216587692,2.490586620597157,2.475354347278917,2.4990127634687607,2.456066945520338
2.4562199216682403,2.4571061405092696,2.445765540173628,2.446941107140985,2.4328674731458464,2.4261809307154896,2.4609631962586653,2.4460401705884744,2.46876192449895,2.4261597536089474
2.426829268210014,2.426940951256597,2.4161450315575115,2.41749557152141,2.4040020522523,2.396741553682156,2.43159831031368,2.4170307166410567,2.4397610920669024,2.397093359572612
2.397305268722439,2.3985677782948303,2.3877763940905403,2.388590963856127,2.374718136762538,2.367900651221007,2.4025673681994046,2.3882807252388085,2.411349899180277,2.3684827377568065
2.369212504868447,2.370137602461956,2.359172185352345,2.3603416435048032,2.3468211919752706,2.3401507353384856,2.373136789263516,2.359191224978221,2.3816571956395647,2.340888874169245
2.3402660609234176,2.3417729757113457,2.331389477037583,2.332770927893161,2.319498289548151,2.311991637464084,2.345230369813588,2.3308412429355467,2.35307502267738,2.312923405973456
2.31241220781789,2.3136526638603465,2.3036189376445293,2.305356914752096,2.2912138986988744,2.285232203044022,2.317137019463761,2.303185365155968,2.324740949138904,2.284944350470869
2.2842290416093154,2.2864793346053904,2.2762709725534163,2.277884222688134,2.264002775253437,2.257644268703316,2.2891290007761684,2.2760226556867207,2.2972624291284687,2.2574440713420527
2.256497419504419,2.2586474088067616,2.248758843172125,2.250162242274169,2.2369057961326515,2.230283420893187,2.260638462181753,2.248854489094463,2.269783281663474,2.230944957174977
2.2293776033862573,2.2311234446745813,2.2206313346495103,2.222597220887756,2.210282085657276,2.2036487189015994,2.233786372275418,2.2212068597209416,2.2434737578895647,2.203535522212328
2.2020461887578664,2.2043565662874864,2.1941006847833084,2.195734115047393,2.18427850528102,2.177177448434611,2.206683020156555,2.1935744896995963,2.215752090322302,2.17667802276682
2.1753590769315,2.1777712176478885,2.1681886691441856,2.1690899457802835,2.157608534971847,2.1507644896838105,2.1798033905645218,2.167693804671728,2.188777165034389,2.150745347030351
2.149484536020228,2.151757188435906,2.141922540063331,2.1424765434338444,2.130873458881982,2.1248360105499886,2.1541179195484155,2.140855286000323,2.1631948473319254,2.1239549885121365
2.123657292585587,2.1261894555757626,2.115774115971056,2.115907342447619,2.1051893808758098,2.099013308797068,2.1282730717118765,2.115177118656262,2.13618588182182,2.0982211469446925
2.0976956716164583,2.099974697008632,2.090207999040496,2.0900986767747787,2.0799628471929985,2.073599548410509,2.1024332809457715,2.0894742753850406,2.110284205737186,2.07292075043201
2.0717950131820446,2.0744633767959044,2.0652137792959344,2.063906663667699,2.055189410665286,2.048840760737225,2.077173433305462,2.063494694903197,2.0849358973782897,2.047912935609645
2.046729986375937,2.049232527703864,2.040404315550337,2.039375847977222,2.030650610232382,2.023684641806707,2.051858887325594,2.038521136277327,2.059861356475197,2.023448088858134
2.0220798290743005,2.0247683821018376,2.015493901567739,2.0144439994122427,2.006084975150621,1.9988443034375565,2.0268588972893644,2.0136942333900265,2.034930993847359,1.9991198825977032
1.998187549198892,1.9998682788798476,1.9906635720542605,1.9888626214344929,1.982012870503692,1.974165057990476,2.0021539269240307,1.9892108101894892,2.0098681613112848,1.9738906819393347
1.973769220778556,1.9758954952574803,1.966344032956215,1.9636903992256445,1.95853335750166,1.9502289519734044,1.977335573020356,1.9652806544644448,1.985345898871548,1.9501716881741624
1.94947748475808,1.9517519252830176,1.9422743055059672,1.9400696686429844,1.9348192401466804,1.92620181226831,1.952223550002486,1.9415645616847552,1.961127951652925,1.9261074984269937
1.926025066871988,1.928392211914683,1.918437578449675,1.9169939708824209,1.9116302436093535,1.9027351029591817,1.928401671079769,1.9180200500772424,1.9367919799013336,1.902081823359856
1.9020380033006288,1.9049593916930816,1.8949410572153589,1.8938416854904536,1.888120010827469,1.8796461492249072,1.904843949938347,1.894141145093107,1.912955565371777,1.878531559618419
1.8782147527030997,1.8815000120981835,1.8717842726773384,1.8707560419947025,1.8647570879282025,1.8568154667124164,1.88136290982028,1.870884786096924,1.8886435866496365,1.855573833901307
1.8550904195312217,1.8579621486843347,1.848537046296597,1.8474899334815116,1.8420057895681237,1.83403295829034,1.8582354482414467,1.8475713091813448,1.8656402911596697,1.833218289533401
1.8325050400433092,1.835163284935576,1.8259539109331744,1.8249800740347653,1.819810277009161,1.8112904747991292,1.835107131092993,1.8251138978482664,1.8427269737954364,1.8104494039528245
