Prices in Goods Market,Prices in Goods Market,Prices in Goods Market,Prices in Goods Market,Prices in Goods Market,Prices in Goods Market,Prices in Goods Market,Prices in Goods Market,Prices in Goods Market,Prices in Goods Market
0.753828241636379,0.7527132229756996,0.7643153716412471,0.753561202941476,0.7644575448521098,0.7484465720611004,0.7420355488290337,0.7409652866968643,0.7373782268005569,0.7581288737937107
-12.92383959744371,46.42413186870315,-18.67983925423182,-21.53696224888828,-14.477303507768776,31.31901889199206,-10.663814698141108,-11.164893243402092,-11.63935822915614,-90.02712202745523
-54.82872857465605,51.83270910982544,-128.37527274876834,-131.29305666325374,-75.15932593167678,34.11313285828666,-32.113029024675015,-39.923673878095705,-37.25005879372304,83.57110032859727
-160.33342310731825,39.65119504337312,207.97542240220065,418.51539791703135,-247.92187529558512,26.13976618803499,-46.07725451870581,-70.4385378717969,-52.17973997451736,44.37923583351581
137.87066327179508,29.65402110216426,65.73588458330273,63.50885112552592,95.79561703598134,21.350124189484955,-60.55598041860806,-207.36910864717305,-184.99718547200757,31.361262904262848
68.9608942237445,23.33459604701564,37.2494114275049,33.17328622208522,49.88887720304389,17.42386097853614,-157.3196320609185,87.87864404861557,118.86349862362532,22.92532736199153
44.72701945813384,18.905050267067367,26.089651153633884,26.46141103986565,33.3011424103248,16.17835436737177,132.48374738973678,42.78543426318223,57.54634771595575,19.09559089747965
37.134722196062334,16.069697166112846,20.936902625498224,22.33611668085062,22.79935024969692,15.501758502701408,45.09186245141469,31.578433826874036,38.43304808451457,17.80116503185349
29.30519753040284,14.61913070413961,18.834992731744425,17.739244805072854,19.917703038249226,14.370243335345885,30.45636101315901,27.391942975437345,29.34060781644725,16.534923722582672
22.812290153422968,14.138951011898516,17.385059554778866,15.821836984389414,17.827975926302422,13.837590292204808,24.814707825959648,21.736480248666467,23.07644558234348,15.2270982487438
19.16916791960096,14.025346145163809,16.332585050712197,14.862431402707823,16.411935248791167,13.674434618455026,21.332133668727828,19.25657868400707,20.409428040082105,14.528181411435698
16.637926693639997,13.782868593891545,15.2503161188875,14.39269451651986,16.00760867757046,13.670571651965554,18.807057558125717,18.298876207011727,16.611426660469252,14.474974207909606
15.548371805951016,13.746472250919268,14.65525401119868,14.214482177973174,15.044962896090016,13.731458580265,16.857694770586793,15.891352994696348,15.55501893683346,14.171258729802908
14.92115566420005,13.809322981400616,14.35130270784758,13.897187166882755,14.37467298843986,13.899792593669968,16.00111347759285,15.036034019203688,15.138361810671686,14.070800027065
14.595004206066015,13.916807457706412,14.042659094129904,13.80012522601157,14.188906179685777,14.09402465733318,15.17133639576601,14.493579674197452,14.185738602862536,13.920462619800638
13.999709250658926,14.060766379298943,13.788669069033904,13.752314499795606,13.958460401547562,14.500193627284942,14.974242198547955,14.041342189070887,13.946684909542515,13.865605546241794
13.763054985696463,14.20159080581565,13.715620084486163,13.794959810941446,13.70009533342932,14.8122655070926,14.173864308360285,13.808037624699253,13.760665904988658,13.885339876950338
13.725745135229186,14.376452133072275,13.759055267983989,13.88882926917102,13.69251523652,15.04480354778084,13.89645241228081,13.704736182163042,13.67675973790472,13.98491773894222
13.764870277671651,14.592144184578608,13.853996809358769,14.01855680280014,13.7580776222215,15.41034174507936,13.736692953446136,13.717895079350058,13.69179549674594,14.082247882822864
13.871051210710448,14.951717385410552,14.010423514998944,14.23687768203438,13.885727581333407,15.720285732464932,13.709355915409628,13.781498038066855,13.74836477724307,14.29200550085743
14.030922085669326,15.123065874023144,14.239742244370865,14.436911141830688,14.022225727878231,16.049376447494144,13.80626552701119,13.888869796109008,13.850546742237348,14.46367284964127
14.2946310830324,15.583072649327834,14.391815985106511,14.674981385134364,14.245435452513767,16.333385728158113,13.939309197471095,14.052554225581892,14.012658544903148,14.890756365858444
14.561684259705489,16.007216982754407,14.706635334563153,14.961926202377116,14.525006837022705,16.652082654845184,14.124940087564868,14.396703789574309,14.2039555749375,14.989182215427302
14.840216815273813,16.453692668424363,15.12980601723179,15.223005823208345,14.865464537119726,16.953172197176062,14.32892697803895,14.5784933408551,14.534775878294072,15.290212462551228
15.072854119375252,16.77611954201424,15.401994220297434,15.331299021664014,15.283102364434404,17.438206756203986,14.600923650477236,14.859953176356736,14.770803991249426,15.683899082732996
15.266642322956947,17.13623288647492,15.76614954676043,15.56468106489935,15.742208228932515,17.81251884075293,14.838879409716249,15.18586107153348,14.93588946365091,15.949000974698848
15.799606945677812,17.41543012102255,16.121737339868822,16.062582210321892,16.17681584480503,18.320537572770675,15.212722948960096,15.53699690281325,15.199290269857176,16.41342066267247
16.048455491243935,17.81880512275488,16.62914030292601,16.62017535876039,16.49400500372418,18.614138198787455,15.565581913690728,16.065695550288282,15.57563794031668,16.728985940719774
16.469645310354082,18.198804604152905,17.011431468624433,17.089470872673694,16.906093720108647,18.913203766122137,16.043566590556832,16.294281209603863,15.84362186407092,17.11087523587588
16.903756257754868,18.427627784702405,17.37467001122942,17.51463724221854,17.416997633911016,19.24618130205959,16.381339052840822,16.473109100532263,16.170151266435756,17.682113747896402
17.295651836356736,18.91361578548586,17.716870732479652,18.103704166957844,17.699507467295657,19.714577839929664,16.843886169742518,16.766615060243964,16.508535918839986,18.088409212666612
18.003418486853622,19.341594396446805,18.003463056715088,18.58259297308521,18.17322769069012,20.25480694969343,17.23369295051731,17.09525023442956,16.946394112154522,18.629116724707657
18.134708728557456,19.81007198380915,18.48097542969286,19.00644871272707,18.561393930273308,20.532486144038696,17.663525478431293,17.341289426071054,17.517510648525388,19.051594128633752
18.54351513779177,20.174930987037957,18.861651715673144,19.36165862337913,18.977776578541192,20.83759051917908,18.155695474919003,17.670200649483323,18.09792451380298,19.34058521331628
18.693731561969454,20.501861227697347,19.17624615209988,19.74721539130352,19.424799320492557,21.41161529137943,18.4608934617508,18.057366981035788,18.56012671191916,19.9570206996843
19.10605282504924,20.76595045234616,19.760858001578374,20.20767066561461,19.91527801880521,21.68122998920662,18.644564830280643,18.520072076613957,18.87338869071924,20.28325162256186
19.459590322270177,21.168115027914475,20.18902774565656,20.708769008239543,20.48119247024527,22.33978309369054,19.09150327299599,18.833133130402228,19.322960181438543,20.85205786871943
19.818416487121777,21.542442742177336,20.48637284943358,21.182248431095385,20.74779828320419,22.757165619407488,19.479099902713635,19.21719336478628,19.91430285286339,21.291012005334775
20.35065961184098,21.920580001644797,21.13178343428813,21.557420937149853,21.29334259814214,22.96530084105594,20.141175588839182,19.773290158538614,20.41432351363089,21.700270279255022
20.71925364370248,22.513295797568063,21.680398649332854,22.040410970340368,21.564750495988037,23.174955625847268,20.780425198596237,20.237399303123883,21.19780408298567,22.148258247559117
21.29932016579584,23.04019647527039,22.130875610531582,22.45737523566005,21.875756909730665,23.49355013223077,21.11818050678162,20.640150708629,21.607986651281447,22.77646824356241
22.026361214077934,23.60749026438049,22.76284665156302,22.984960730803472,22.399673506626428,23.884632629568895,21.634927883776022,21.185046804799963,21.98855055984801,23.37629221094297
22.37180557165202,24.03394048140307,23.29216443636166,23.55119821647972,22.713616392300946,24.386667822835484,22.29675185388588,22.01624537616109,22.40705960975369,23.945494338690644
23.07775010282532,24.86309398457064,23.50216117260173,23.940502294829656,23.24521668245006,25.036485196701904,22.67811553200645,22.25397710934093,22.899109174320383,24.58976972763439
23.60751872624493,25.25744130796693,24.039393503204614,24.36952309606573,23.52640242131124,25.395476503119266,23.06364503079348,22.710570458948148,23.465628440186013,25.127900117557008
24.14166091208193,25.69173460362208,24.35823628494217,24.98196534195213,24.17216864239933,25.7207468384296,23.55878856278858,23.239230717333047,24.071013748853325,25.41370525694743
24.49521236969419,26.09051264341408,25.009035144094582,25.4852438448552,24.599227598661496,26.084327757496222,24.053985007054614,23.589139265682952,24.459193627218923,25.81252843590193
24.851517361735425,26.67576322815092,25.474773815513316,25.76907086964033,24.846975264204552,26.78132054755456,24.403309945645223,24.08746494989068,24.59443042947206,26.321187445027544
25.28128001534829,27.14844837082564,25.869240765692595,26.16676071068522,25.50090225407188,27.476221270278018,24.68075559624632,24.694155844193517,25.028145625701782,26.90336985771334
25.782300775347885,27.77103215201036,26.41242559771397,26.486704984743117,25.96410782164909,27.870274888735057,24.996347966249623,25.113401037070403,25.601311675120893,27.444807907266625
26.23761785503057,28.27347423486772,26.94756570474033,27.067167316903475,26.650289859011064,28.379638566173217,25.378878198524447,25.643625644131752,25.97706268659224,27.71689434332844
26.189594332408497,28.23599948658625,26.90011415659806,27.01903580993498,26.59301352333138,28.343374605310757,25.330648099187933,25.58685453456115,25.934182181551368,27.68787298560403
26.18441920064009,28.23241488283159,26.896203411334263,27.01658919073055,26.590426995794058,28.33822190136197,25.32727202844393,25.58402908085362,25.931454701701025,27.68282294622583
26.179613875257463,28.228374549761217,26.89362770501832,27.01205842067825,26.586796349359663,28.3355182867639,25.32472836667899,25.57957608519862,25.92765648654664,27.67863622167736
26.17567283461646,28.225609139381927,26.89079732802265,27.009121847694704,26.58422075074488,28.331602870696287,25.32084251028369,25.575723124339707,25.92520267368569,27.674271579063145
26.17364666206272,28.222950599067104,26.887338946114596,27.005805537871893,26.578775669523345,28.327986087774736,25.31763035437928,25.57202384654769,25.92233254450059,27.671532262564472
26.169727153571586,28.22039285121638,26.88449593292741,27.001413110900405,26.57669386762847,28.32404991989945,25.31403335947715,25.56786639297304,25.918824374872063,27.666446946933856
26.167309203027344,28.215803439021197,26.88049440259164,26.99733933999904,26.57459691698924,28.32108719845533,25.30973309087476,25.563780108154948,25.91414093186004,27.66401203983184
26.16512587560844,28.21286305872998,26.878401215349843,26.99425777945437,26.571329926768925,28.318596317308774,25.30720659384872,25.5603378942859,25.91097928370534,27.65987019715326
26.161639754617827,28.21025174334684,26.8754847406874,26.99084484491822,26.569549412889508,28.315116782164505,25.304061548162625,25.557733463774756,25.9077065209422,27.656333394167973
26.159104636780366,28.207658844537093,26.87193683196425,26.9881401634427,26.565972853536053,28.31360026425338,25.29862935394651,25.554679010387225,25.90401963650497,27.653283014003296
26.156582057806386,28.204672558669213,26.870169858716235,26.98416764602362,26.56375878326499,28.31143770631491,25.29492036144172,25.55143229345332,25.900173338796268,27.65069206547596
26.15307345969365,28.20099092134858,26.866779351948285,26.98056247513321,26.56098804194192,28.30854206737363,25.292240645053173,25.547430421335903,25.898213743622883,27.649227628290785
26.150045878238338,28.19916436228469,26.864270110256072,26.97743403929295,26.559079733641777,28.304493511297807,25.290232983513626,25.544582407931188,25.895822548281156,27.645724590966772
26.147266241199915,28.19655835417198,26.86299568381188,26.975761105721705,26.557168250567177,28.302478487794524,25.28673536415067,25.54281995393513,25.893237281043696,27.64347004763148
26.14682004896436,28.196143517142996,26.86256078652777,26.975333242048887,26.55672919932775,28.30206244176858,25.28628420549076,25.542362280085687,25.89279185521093,27.64303995480529
26.146518288212864,28.19586426434459,26.862267298558503,26.975045945024306,26.556432907860763,28.301782203688443,25.28598126527062,25.542051999923256,25.89249200953321,27.64274776261668
26.146157840563,28.195529854976357,26.861916339276544,26.97470140742721,26.556078595857848,28.30144680054034,25.28561796633118,25.541681887213585,25.892132938151555,27.642399606593557
26.14574207546484,28.195025617808728,26.86138839635679,26.974302906586225,26.55554560900166,28.30094147220637,25.28519776371474,25.541255382753743,25.891718037350373,27.641998704233
26.145463613542663,28.194654105528414,26.86099887719251,26.974038027335787,26.555152368018277,28.300569068239483,25.28491845837745,25.540968994775486,25.89144152174586,27.641728904715688
26.14519447962977,28.194408988738036,26.860741178150523,26.97378201873344,26.554892206510925,28.30032322442429,25.2846485059376,25.540692207358497,25.891174273075837,27.64146813958936
26.144870539609297,28.194112297660496,26.86042974388881,26.973472547629388,26.5545777961262,28.30019782333485,25.284322177948223,25.540359547983275,25.89085171163985,27.641155115103103
26.144494877440373,28.193766928544647,26.860067596410456,26.973112614498604,26.55421218764383,28.30001784894933,25.28394263769145,25.53997416536804,25.89047694630893,27.640792775739897
26.144131724575097,28.193433071605853,26.85971752820152,26.972764664085847,26.553858773609296,28.299677588411413,25.28357573129345,25.539601624509203,25.8901146656238,27.640442498050238
26.14372035800624,28.19321705548212,26.859490352779,26.972538921536213,26.553629426788355,28.29945543841396,25.283337689672315,25.5393572149643,25.88987893999005,27.640046251391908
26.14326359304828,28.192952741744257,26.85921285871565,26.97226311172462,26.553349280221607,28.299185055155856,25.283046852083537,25.539060489568584,25.88959141705957,27.639606723750934
26.142932001468072,28.19264278295791,26.85888781335827,26.97193998292536,26.553021127622983,28.2988691047887,25.282706116018986,25.53871433125405,25.889254943984085,27.63928671997782
26.142719608718604,28.19244482053811,26.85867956357812,26.971733011116186,26.55281088698157,28.298665386069143,25.28248786561341,25.53848996153655,25.889038757532692,27.63908053850412
26.142458413023963,28.192200981886845,26.8584235211975,26.97147848230717,26.55255239671908,28.29846837484216,25.28221946589776,25.53821591027396,25.888773374238728,27.63882782858233
26.142151078986316,28.19191377325444,26.858122300580952,26.971178993290707,26.552248296119856,28.29822614958169,25.28190365472007,25.53789490045639,25.888461483974524,27.638531133652723
26.141956971722166,28.19173294066417,26.85783102896793,26.97098984108288,26.551954239465744,28.29794115195982,25.28170419310648,25.537689576809527,25.888263850758563,27.638342562497456
26.141870631547672,28.191653347914144,26.85764861801382,26.97090570501597,26.551770084268757,28.297760843421887,25.28161547120208,25.537437021155867,25.8881749628284,27.638109751774447
26.14173520134388,28.19143386971735,26.85742132323525,26.97077373218105,26.551540615963187,28.297537526796983,25.28147630499953,25.53703809807497,25.88793600581293,27.63783510175023
26.14155321473645,28.19117365773815,26.85715153796967,26.970596391629112,26.55126825071059,28.297273508801982,25.28128929788925,25.53675230530966,25.887653368092284,27.637663121014032
26.141473691301897,28.19101268133041,26.856985203764417,26.97051889845741,26.551100325756337,28.297108959142957,25.281207580555893,25.536672764682507,25.887574705600912,27.63758885902877
26.141347511345828,28.190810728023628,26.85677612480165,26.97039593999356,26.550889247169604,28.29690346010793,25.281077919450954,25.536545601120736,25.887448945970053,27.637470056465965
26.141177069585257,28.190657835279637,26.856526561265955,26.970229849908776,26.55063729669669,28.29665918896713,25.280902775245163,25.53637325972293,25.887278507348544,27.637308996799327
26.141104040850525,28.1905963752173,26.856375285404997,26.970158685773846,26.550484573902065,28.29650940423585,25.28082773160698,25.536300271150683,25.88720632464694,27.63724084179332
26.14098664285777,28.190493088285667,26.856271985692267,26.97004428529624,26.55038028611362,28.29632059512435,25.28070709446397,25.53618199508464,25.88708935450199,27.637130327878182
26.14082713636252,28.190350103004064,26.8561272126282,26.96988885159065,26.55023412823786,28.296094815391925,25.280543186848067,25.536020739757284,25.886929879700176,27.63697961100109
26.140760247351324,28.19029404011563,26.85607300435229,26.96982367054425,26.550179401426988,28.29604119319776,25.280474452177643,25.53595394139996,25.886863818926688,27.63691722737994
26.14065113884272,28.190198176632,26.855977217338285,26.96971734809881,26.55008269813717,28.295947683430228,25.280362332989306,25.53584405070748,25.88675514166608,27.636814535723477
26.14050194322688,28.190064520328228,26.85584194792448,26.969571962267544,26.54994613473547,28.295816305227497,25.28020902042426,25.53569324476669,25.886606001000644,27.636673569744936
26.14031471920189,28.19001351457713,26.85579278692888,26.969389519273918,26.54989650345601,28.29576763955625,25.280016629873337,25.53550362532464,25.886418475514738,27.63657572954968
26.14009145232929,28.189924613728607,26.85570403847008,26.969171954088782,26.54980690599896,28.295681002490067,25.27978720155276,25.535277219366456,25.886194569864426,27.636440910305843
26.140036606246163,28.189875511881677,26.855656767238308,26.969118508681632,26.549759182547604,28.295558296695805,25.279730841843367,25.535222607077586,25.88614056070449,27.636387345781507
26.13994285381226,28.189789789377446,26.855571237171613,26.969027150564077,26.54967283424673,28.29540135744622,25.279634502010776,25.53512828448641,25.886047279814058,27.636296689334685
26.139812147525703,28.189669285158875,26.855449368494067,26.96889978242788,26.54954979967062,28.2952854461132,25.27950018836811,25.53499624494308,25.885916698556542,27.636170801990996
26.13983912615601,28.189696998253837,26.85540673670131,26.9689260720345,26.549506760018783,28.295245589924587,25.279527911589536,25.53502503840654,25.88594517401222,27.63619534841784
26.13982654987017,28.189687480364604,26.85532765829335,26.9689138169416,26.54942692505629,28.295170731451663,25.279514988207705,25.53501345964207,25.88593372312852,27.636182184585568
26.1397763382969,28.189642539420884,26.8552868145824,26.968864887758947,26.549385690582508,28.2951325724304,25.27946339082245,25.534963468517045,25.88588428413047,27.636133140073667
26.1397633659494,28.18956391662957,26.85521072764327,26.96885224672409,26.549308875689725,28.295060569332893,25.279450060442493,25.53495145091055,25.885872399253397,27.636119630848185
26.139714025324167,28.189453287821006,26.85510114894029,26.96880416626261,26.549198248582844,28.294956408613125,25.279399358022395,25.534902314130324,25.885823805172063,27.63607144888372
26.139630108170152,28.189378751381728,26.855029156417853,26.96872239239043,26.549125567251867,28.294988821072828,25.279313124728592,25.5348178873785,25.885740310899216,27.635990301994944
26.13958285460791,28.189338641797548,26.854924752695585,26.968676345722407,26.549020164598552,28.29498682042077,25.27926456693264,25.53477084575558,25.88569378885085,27.6359441424048
26.139502164273125,28.18926701122509,26.854890877061333,26.96859771631226,26.548985964838536,28.294952063916284,25.279181649449843,25.534689677471462,25.885613517083417,27.63586610451367
26.13938970340488,28.18916543023143,26.85489056200773,26.96848812788437,26.54898564677044,28.294949548119597,25.2790660844574,25.53457608350329,25.88550117780712,27.635757776604567
26.139313267156744,28.189191650176237,26.85492219556671,26.968413643986494,26.549017583002883,28.29497772201616,25.27898753838204,25.5346011916172,25.8855260085888,27.63568382736635
26.13927118944817,28.18918580516515,26.85492028679557,26.968372641048997,26.549015655968443,28.29497374669217,25.278944299209314,25.53465798679415,25.885582176439318,27.635642668787717
26.139197804284738,28.189149437483408,26.85488644895548,26.968301130351374,26.548981494363897,28.29493917420635,25.27886888837901,25.53458090605615,25.885505947092263,27.63557166179121
26.13909466720183,28.189143309468964,26.854884108712508,26.968200627732795,26.54897913172911,28.29493485744217,25.27876290431994,25.534473523191004,25.885399750343836,27.63547228916474
26.139025271338863,28.1890779621138,26.85491175551134,26.96813300450384,26.54900704305612,28.2949593432534,25.27869159282716,25.53440059141109,25.8853276241618,27.635405118781765
26.138988053283747,28.18904288541322,26.85496791977181,26.968096737150105,26.549063744698586,28.29495379348586,25.27865334737752,25.534360515124032,25.885287990559576,27.63536866024825
26.13898149146945,28.18898022269316,26.854903463435253,26.968090342952195,26.548998671640536,28.294919655514505,25.278646604425127,25.53429056187882,25.88521881003157,27.635361462998517
26.138945105381715,28.18889133841324,26.85481163212804,26.968054886322648,26.54890596167165,28.29491390907996,25.27860921389861,25.53419220875751,25.88512154335924,27.63532583089004
26.13888035192374,28.188832169125146,26.85475079495412,26.96799178696623,26.548844542384813,28.29485268925544,25.27854267289818,25.53412610903604,25.88505617381629,27.63526315269037
26.138845748397323,28.188801338189904,26.85471951313907,26.96795806738266,26.5488129612506,28.294819881957885,25.278507114117588,25.53409077189408,25.885021227034898,27.63522925272135
26.13883987679374,28.18879750861284,26.854716389487564,26.9679523457691,26.548809807710413,28.29481414241453,25.27850108042356,25.53408474922404,25.885015270896133,27.63522277895439
26.138861361488697,28.188819383619684,26.854740068976195,26.96797328163869,26.5488337137759,28.294782119573814,25.278523158220104,25.534106636275855,25.885036916166417,27.635162869141016
26.13890886964578,28.188865707014568,26.854735875371308,26.968019576211464,26.548829480044645,28.29472509384727,25.278571977865617,25.53415507206414,25.88508481689941,27.63513039914067
26.138900426373148,28.188809075287907,26.854625980077444,26.96801134861928,26.54871853320824,28.29469468276781,25.278563301512957,25.534146426568444,25.88507626690741,27.635124070554628
26.13891809755588,28.18872911918944,26.854545068532637,26.968028568398285,26.54863684743816,28.29468963738498,25.27858146051544,25.534110759094155,25.88504099344098,27.635142626623832
26.13890886964578,28.188675707663823,26.85449181571689,26.968019576211464,26.548583085050097,28.29463520916731,25.278571977865617,25.534049385371382,25.88498029770286,27.635184852184132
26.13879723657799,28.188575377215933,26.85446493810221,26.967910794802837,26.548555950243227,28.294606153509378,25.278457263082657,25.533937167316378,25.884869319325738,27.635127759123005
26.13871382241335,28.18850152151781,26.854463193623157,26.967829511491885,26.54855418907117,28.29460127449293,25.278371546152968,25.53385371642036,25.88478679033641,27.63504821951954
26.138657339075184,28.188452926157137,26.85441244477266,26.967774471068545,26.548502954600025,28.29454941453162,25.27831350348675,25.533797717140864,25.88473140970744,27.63499436608905
26.13855342909561,28.18842841685764,26.854386830655034,26.96767321560321,26.5484770953764,28.294521732677072,25.27820672482272,25.5336933088867,25.884628154922098,27.63489527128046
26.138476370818164,28.188426859133827,26.85438516558876,26.967598125916847,26.54847541437675,28.294517087394546,25.27812753912018,25.533616271185643,25.884551968326655,27.634821787417295
26.138424934072223,28.188380603945845,26.854336866286893,26.96754800323237,26.548426652886416,28.29446774227292,25.278074682286523,25.533565347879293,25.8845016076248,27.63477274200529
26.13837452608636,28.188291830561287,26.85431251368573,26.967498883040157,26.54840206724708,28.29444143093522,25.278022882598293,25.53346832039372,25.884405652124407,27.63472467656159
26.138393608878747,28.188227048419385,26.85431097886972,26.96751747831492,26.54840051774385,28.29443706660837,25.27804249224503,25.533443706791992,25.88438131046405,27.634742899237065
26.13843412458947,28.18822723585321,26.85426505772768,26.967556958957168,26.54835415716353,28.294390164668272,25.278084126540783,25.53348805291401,25.884425166632685,27.634781567821143
26.138428764152465,28.18822695623409,26.85422010261362,26.96755173546453,26.54830877185121,28.294302802333657,25.278078618109845,25.533485540305666,25.88442268178448,27.63477647318774
26.13837973925204,28.18824681738248,26.85424008362299,26.967503963022278,26.548328944069507,28.29423837121064,25.278028239693835,25.53343842793264,25.88437608992797,27.634729723665156
26.13835329123477,28.188285838121203,26.85428007053924,26.96747819068824,26.548369313639338,28.294235915887334,25.278001061473567,25.533414296142176,25.88435222475745,27.63470451057404
26.13834835346976,28.18828374242941,26.854277164365765,26.96747337907168,26.54836637965545,28.294233064611976,25.277995987381367,25.53341205640535,25.884350009766425,27.63469981710529
26.13830185587824,28.18824250269724,26.854233426576855,26.967428069392327,26.548322223318635,28.294191039352445,25.2779482060256,25.53336736761941,25.88430581472848,27.63465547523604
26.138256345293872,28.188164026070943,26.85415085018559,26.96738372151571,26.548238856703307,28.294169234710967,25.277901438913617,25.53328229510885,25.88422168216321,27.63461207383036
26.13821181857485,28.188144160219878,26.854090291137062,26.967340332379564,26.548177718119057,28.294166694322783,25.27785568281777,25.533260779707,25.88420040448265,27.634569609932125
26.13818810580872,28.188180112541563,26.85408925500512,26.96731722543917,26.54817667207149,28.29416381276134,25.27783131533992,25.53329979704652,25.884238990724747,27.634547001934436
26.13818422227024,28.18817820535065,26.85408785718105,26.9673134411196,26.54817526087049,28.294160609106488,25.27782732457623,25.53329775651169,25.8842369727354,27.63454331100641
26.13818002208569,28.18814025262317,26.854048837658222,26.967309348243894,26.54813586793581,28.29412134741061,25.277823008423688,25.53329536717536,25.884234609798437,27.634539317718968
26.138175524243728,28.188103156030788,26.854010705506717,26.967304965315645,26.548097370861385,28.294047786356,25.27781838639522,25.53329264793897,25.884231920606428,27.634535040177244
26.13813401299264,28.18806690784575,26.853973452418685,26.96726451462528,26.5480597612601,28.294028329797325,25.27777572900209,25.533252125457544,25.88419184585342,27.63449544905972
26.138093434206844,28.187997478606064,26.853954981475592,26.96722497258603,26.54804111354837,28.294060401135688,25.27773402980895,25.53317564044383,25.88411620592548,27.63445674663864
26.13805377829693,28.187980338161854,26.85398932713165,26.967186329852797,26.54807578789493,28.294057591860216,25.27769327896232,25.533101264708883,25.884042651985222,27.63441892380421
26.13798005381636,28.18801299612316,26.854022238796333,26.967114488996465,26.54810901452436,28.29405452691011,25.2776175188522,25.533082683390283,25.884024275978103,27.634348595489808
26.137960155107745,28.18804430369784,26.85401996246703,26.967095098695182,26.54810671641065,28.29405122109741,25.277597070707984,25.533117239113658,25.88405844988394,27.63428020583953
26.13799152014529,28.18807429960255,26.85401743176445,26.96712566236436,26.548104161489334,28.29404768869734,25.277629301783875,25.533150364532258,25.884091209291714,27.63426232701535
26.13802154271924,28.18807167450847,26.8540146609056,26.9671549178746,26.548101364113396,28.294043943451417,25.277660153322515,25.533182101128567,25.88412259522529,27.634292553639657
26.138050263012644,28.18806883176388,26.85401166359395,26.96718290438162,26.54809833811751,28.29403999857264,25.27768966661725,25.533212489981512,25.884152648309385,27.63432151317612
26.138077720714733,28.188065784000216,26.854008453023766,26.96720966056,26.54809509682219,28.294035866752115,25.277717882453885,25.533241571690457,25.88418140869441,27.63434924342013
26.138103954957355,28.18806254336905,26.85400504188588,26.967235224541238,26.54809165303969,28.29403156016725,25.27774484104546,25.533269386308007,25.88420891599013,27.634375781678248
26.13812900425946,28.188059121548708,26.85400144237477,26.967259633859623,26.548088019081234,28.294027090490925,25.277770581975044,25.53329597328138,25.8842352092077,27.63440116471205
26.13810669794405,28.18805552975219,26.85399766619709,26.96723789744729,26.548084206765463,28.29402246890202,25.277747659767986,25.53332137140134,25.88426032670902,27.634381345253285
26.138039320364808,28.188080207412494,26.85402338388076,26.967172241311403,26.54811017056722,28.29401770609646,25.277678421830583,25.53329923033362,25.88423843027336,27.634318501332093
26.138003510304507,28.18806172879247,26.854047986340877,26.96713734617965,26.548135008471416,28.29401281229917,25.27764162300865,25.533231842955846,25.884171787452363,27.63428575440074
26.13796855761018,28.18800217433175,26.85402830964339,26.96710328651539,26.54811514346921,28.29403532838316,25.277605705217454,25.53316631964587,25.884106988114432,27.63425379953938
26.137934445690405,28.1879713591358,26.85399472861774,26.9670700461506,26.548081241073405,28.29405684175506,25.27757065140802,25.53313196722351,25.88407301525898,27.63422262119299
26.13792944930077,28.187941298823223,26.85396196287973,26.96706517741857,26.54804816176528,28.29403727858837,25.277565517058708,25.53312732218596,25.88406842154559,27.63421920165729
26.13792434757363,28.18791197770373,26.853929995663837,26.96706020604057,26.548015888618977,28.29400483298144,25.277560274463134,25.533122561460512,25.884063713422663,27.634215656697627
26.13791914894629,28.187909161415973,26.853925701612088,26.967055140238315,26.548011553472463,28.29397317293176,25.27755493229159,25.53311769376167,25.88405889950837,27.634211994668163
26.137900264479924,28.187931585456514,26.85394775975024,26.967036738271865,26.54803382271028,28.29394228178485,25.277535526386902,25.53314022073293,25.88408117757337,27.634195256550026
26.13786836506436,28.187940492439264,26.853968868319345,26.967005653893835,26.548055133290564,28.29393710963474,25.27750274615857,25.53314811787492,25.88408898745818,27.63416608186392
26.13786333117601,28.18791197770373,26.85395053324928,26.96700074862301,26.548036622752036,28.29391947504581,25.27749757327292,25.5331420782515,25.88408301456782,27.634162520171344
26.137883880277226,28.18788417601596,26.853919841547988,26.967020772688667,26.548005637326472,28.29388998934851,25.27751868978131,25.533135985422177,25.884076989059565,27.6341833483642
26.13789080273876,28.187880831808112,26.853914695239293,26.96702751827981,26.54800044176664,28.293885010495064,25.27752580338704,25.533091094863707,25.884032594510096,27.634191156329816
26.137859919959688,28.187865621744603,26.85389719504105,26.96699742456448,26.547982774087757,28.29390336896381,25.277494067864914,25.53303463141098,25.88397675494602,27.634186561188116
26.137829808602252,28.187839124910493,26.85386794607945,26.96696808256578,26.547953245205903,28.29390931735408,25.277463125059004,25.533004696861877,25.883947151159767,27.63420522036343
26.13778833018533,28.18783593010535,26.853863035189654,26.966927663949196,26.54794828731744,28.29390344493192,25.277420501311347,25.5330000470637,25.88394255273988,27.63421151463135
26.13775970744526,28.187821448393777,26.853846375303224,26.96689977254411,26.547931467990534,28.293919824705146,25.277391088213705,25.532983177739727,25.88392586981529,27.634206031337968
26.13777834127888,28.18779622997973,26.853818541164344,26.966917930267154,26.54790336746869,28.2939244196508,25.277410236582583,25.53295468461635,25.88389769153136,27.63422271980953
26.13778464730176,28.18776080696281,26.85381389194453,26.96692407516614,26.547898673753995,28.293917789855243,25.27741671673289,25.53293850772484,25.88388169339001,27.634227666185755
26.137779210501503,28.18773689661345,26.85379806591472,26.96691877728047,26.54788269626236,28.29390047715145,25.27741112980697,25.53293407291797,25.88387730758661,27.634221428087876
26.13776259641441,28.18775532874223,26.853793363986068,26.9669025876975,26.54787794933416,28.293873005191088,25.277394056956005,25.532918210659144,25.8838616206022,27.63420454459825
26.13773535126453,28.18776269157539,26.853799258755192,26.966876038687754,26.54788390051885,28.29383587957723,25.27736605948332,25.53289147932909,25.88383518464874,27.63417753639254
26.137719444512182,28.187759508688256,26.85379418320723,26.96686053837032,26.54787877639564,28.29380978228774,25.277349713494093,25.53285441774096,25.883798532587804,27.63416135991044
26.137714347579315,28.187766147734717,26.853778665233616,26.96685557166993,26.547863109907816,28.293794208154928,25.27734447581805,25.53282908172768,25.883773476537197,27.6341555113212
26.137698794809715,28.18778213410108,26.85377359591867,26.96684041629238,26.547857992077056,28.29376912107199,25.27732849358404,25.53281493181108,25.883759482977737,27.634139705033597
26.137693714907325,28.187787785874328,26.853778480392325,26.96683546618789,26.547862923297487,28.29375422397434,25.27732327340806,25.53279059977656,25.88373541981441,27.63413390536537
26.13769861171912,28.18777406740413,26.8537434456056,26.96684023787996,26.547827553209707,28.293749041907308,25.27732830543769,25.53277709785231,25.883722067088264,27.63413763928242
26.13768328582617,28.18776989140881,26.85371901980454,26.9668253035834,26.547802893639567,28.29375311472729,25.27731255634356,25.532773919738204,25.88371892409282,27.63412209339034
26.13767795338863,28.18777480511928,26.85370471525104,26.966820107396835,26.547788452182584,28.29373845796045,25.277307076658506,25.53278057527164,25.883725506081586,27.634116097116824
26.137682140685303,28.18776129273636,26.853671810981435,26.966824187702407,26.54775523299704,28.293733071301677,25.277311379581285,25.53276723042869,25.88371230870129,27.634119198714725
26.137667091568435,28.187756884441452,26.853649012309592,26.96680952311125,26.547732216125286,28.293736515614697,25.27729591490436,25.53273485080632,25.88368028688096,27.634103961032768
26.13766157657162,28.1877611486216,26.853635853588354,26.96680414903055,26.547718931465,28.293722143831708,25.277290247618343,25.53273169208052,25.883677163059915,27.63409783487056
26.13766514448241,28.187747883345416,26.8536228789359,26.966807625776063,26.54770583263481,28.293716616023254,25.277293914052187,25.532737761805667,25.88368316571301,27.63411776678854
26.137650411628535,28.187734808286397,26.853592486769823,26.96679326936831,26.54767514959017,28.293719514079505,25.27727877436977,25.53272511094712,25.88367065464988,27.634119690454543
26.13763589419149,28.18770532586117,26.85357156627359,26.966779122874343,26.54765402886608,28.293722068328933,25.27726385605119,25.532712645645077,25.883658327093222,27.634104464007702
26.137621594153693,28.187684793294853,26.853576721683112,26.966765188225864,26.54765923361757,28.293724293007305,25.27724916113373,25.53268265618675,25.88362866902916,27.634089465289364
26.13760751301095,28.18768886708722,26.85358150518746,26.966751466880392,26.54766406290434,28.29371012970264,25.277234691154533,25.532662190147075,25.88360842914787,27.634074695881477
26.13757686131658,28.18769260572857,26.853585930609857,26.966721598393,26.54766853068197,28.29368037120404,25.277203193040208,25.532667952911645,25.8836141282313,27.63406015689122
26.137555286816596,28.1876960221892,26.85359001147932,26.96670057516413,26.54767265060896,28.29365134238325,25.277181022775373,25.532673339770398,25.88361945556297,27.63404584898524
26.137558625410744,28.18769912913246,26.853593761017738,26.966703828450427,26.54767643603375,28.293623031552457,25.27718445356269,25.532678364367307,25.88362442463601,27.63403177242244
26.13756164801677,28.18770193890588,26.8535971921296,26.966706773822796,26.54767989998431,28.29359542663595,25.277187559636,25.53268304005138,25.883629048651912,27.63401792708525
26.13755644889974,28.187704463534207,26.8536003173936,26.966701707553693,26.547683055159776,28.293568515231357,25.277182216948702,25.53268737986556,25.883633340509448,27.63400431250957
26.13754342508086,28.18770671471437,26.853603149056603,26.966689016520256,26.5476859139242,28.29354228466665,25.27716883348473,25.5326913965378,25.883637312795933,27.633990927913075
26.13753062435884,28.187708703812163,26.853605699029107,26.966676542884016,26.547688488302125,28.29353106733791,25.277155679277165,25.53268728229211,25.88363324401423,27.63397777222203
26.13751804541153,28.187689238043763,26.853607978882604,26.96666428535653,26.547690789975714,28.293534155726764,25.277142752967457,25.53267542874569,25.88362152145424,27.633964844096877
26.13750568668198,28.187663233155703,26.853588239649703,26.966652242420597,26.547670861821377,28.293536979934945,25.27713005295572,25.532663783314117,25.883610004709688,27.633966200665423
26.13750804968988,28.187651545292635,26.853561789186763,26.96665454504821,26.547644158203465,28.29353955055916,25.27713248121737,25.532652344298207,25.883598692100147,27.63398115934559
26.13750298409716,28.18765350011772,26.853550030601777,26.96664960889307,26.54763228707768,28.2935351177612,25.277127275739776,25.53265567861234,25.883601989568533,27.63397499521442
26.137490848508317,28.18764858082497,26.85355227191497,26.966637783397104,26.547634549842392,28.29352401917388,25.27711480502949,25.53265153983905,25.883597896530663,27.633962108068197
26.137492747919325,28.187624117374515,26.853547457482737,26.96663963427362,26.54762968933142,28.29352613304756,25.27711675689236,25.53264028772672,25.88358676875968,27.63396262988461
26.137487588549533,28.187613079408965,26.85353592778461,26.96663460673809,26.547618049282782,28.293521591871663,25.277111455047557,25.532643118964774,25.88358956871114,27.633956439392197
26.137475711241187,28.187608505381547,26.85353774411674,26.966623032923906,26.547619882999008,28.293510716697472,25.277099249748908,25.53263884778949,25.88358534473448,27.633956611033337
26.13745744558846,28.187597707936337,26.853532855137143,26.96660523400464,26.54761494722703,28.293493818059986,25.277080479690778,25.53264124549821,25.88358771594731,27.633950297936824
26.137446050849,28.18758099214161,26.85353429297341,26.96659413043041,26.547616398824815,28.29347119601757,25.27706877028484,25.532636779919265,25.883583299715266,27.63393781432417
26.137441208308097,28.187570639530787,26.85354175467836,26.96658941162927,26.547623931945648,28.293455133420764,25.27706379401659,25.53262578166901,25.88357242300151,27.633931605524516
26.137430083432346,28.187566354790896,26.85354264614341,26.966578571024,26.54762483194289,28.29344533028821,25.277052361925463,25.532621359767383,25.88356804996429,27.63393137706804
26.13741298385525,28.187567851698955,26.853537279978195,26.966561908388407,26.547619414418197,28.29344149568109,25.27703479013899,25.53260429682664,25.883551175578887,27.63393684369665
26.13740233191464,28.18757485314901,26.853519970041983,26.96655152863517,26.54760193880848,28.293443347748976,25.27702384404122,25.532593811037483,25.88354080566406,27.633930349294975
26.13739782862216,28.187570215430544,26.853508905508743,26.966547140414797,26.54759076837619,28.2934506137368,25.277019216388474,25.53258959663064,25.883536637829096,27.633929568796763
26.13739328525024,28.18757110033484,26.853515323745352,26.966542713139265,26.547597248042003,28.29344641915993,25.27701454754936,25.53257335258535,25.88352057329112,27.633934230034544
26.1373887075411,28.18757724374501,26.853521343970392,26.966538252404003,26.54760332588679,28.293431314075583,25.277009843424626,25.53256337910188,25.88351071002154,27.63392751923586
26.137372739932218,28.187572319409004,26.853515823820526,26.966522692815275,26.547597752903407,28.29342190827059,25.276993434861637,25.532570984764966,25.883518231636764,27.633909983898693
26.137362732446075,28.18756738044715,26.85349931813472,26.96651294105103,26.547581089240865,28.293428465024004,25.27698315101252,25.532578179010223,25.88352534638076,27.633892811607637
26.13736940583304,28.187562431534683,26.853483162886747,26.96651944391248,26.54756477936963,28.29343465550981,25.276990008689296,25.532573747714,25.88352096405333,27.633875998820503
26.13737570317492,28.18755747706761,26.853467354175717,26.96652558033817,26.547548819351576,28.29343030179345,25.276996479936013,25.53256929524897,25.88351656079108,27.63385954165107
26.13738163749049,28.187552521173263,26.853451887805903,26.96653136301417,26.547533204950795,28.2934259357785,25.27700257813097,25.53256482609071,25.88351214102009,27.633843435906098
26.13738195809491,28.18754756772076,26.853436759320505,26.966531675426182,26.54751793166788,28.293431425846432,25.27700290758906,25.53256034445833,25.88350770891294,27.633827677120077
26.13736662870874,28.18754262033137,26.853421964033245,26.966516737752205,26.54750299477176,28.29343659291535,25.276987154873,25.532566375116662,25.883513672928263,27.63382208601995
26.137351639321498,28.187537682389056,26.85341745310046,26.966502131390403,26.547498440663773,28.293427101848,25.27697175154359,25.532566861055724,25.883514153497337,27.633816515357225
26.13734695902732,28.187542145893907,26.85342273958845,26.96649757069252,26.54750377774997,28.293413053006752,25.276966941999607,25.532551883149523,25.88349934110768,27.633810968210444
26.13735209991344,28.18754167980004,26.85343735209897,26.966502580212747,26.54751853011996,28.293408561391047,25.27697222485512,25.53253724246293,25.88348486221165,27.63380074383329
26.137352084522853,28.187536519423546,26.85344658984945,26.96650256521548,26.5475278562867,28.293413174625627,25.276972209039524,25.53253279128401,25.883480460221683,27.633786073248658
26.137347158719045,28.187526892615228,26.85345070197145,26.96649776528152,26.547532007766502,28.29341301360839,25.276967147205976,25.532523477200996,25.88347124906666,27.63378078993672
26.137337560423088,28.18751301975755,26.85344992980531,26.966488412252712,26.54753122820984,28.29340830609375,25.27695728384545,25.532519081554717,25.883466901995828,27.633779971819123
26.137323519633924,28.187516773098263,26.85344450689767,26.966474730251548,26.547525753398585,28.29339927241036,25.27694285530767,25.53251937348713,25.883467190702145,27.63378340669699
26.137314305102866,28.187524515364288,26.853434659028228,26.96646575118245,26.54751581127329,28.29339464583093,25.2769333863086,25.532514892650465,25.88346275938241,27.63378226303109
26.13730969403919,28.18751508518918,26.853429343842382,26.96646125794696,26.547510445214684,28.29339421991373,25.27692864790581,25.53251495752123,25.88346282353629,27.633772494857737
26.137309470601405,28.187509935080595,26.853428349488777,26.96646104021878,26.54750944134391,28.293397794718683,25.27692841829758,25.532505920274023,25.88345388615824,27.633767066920328
26.13730048327858,28.18750886498792,26.853418760629378,26.966452282552638,26.547499760707357,28.293405176807404,25.276919182780468,25.53250143598152,25.883449451421,27.63376577639353
26.13728315670807,28.18749969366749,26.853409317600093,26.96643539873625,26.547490227296507,28.29340418551871,25.276901377717166,25.53250994560972,25.883457867010595,27.63376436563481
26.137278769329665,28.18749066431366,26.85340413484045,26.96643112347089,26.54748499493132,28.293403074686537,25.27689686917605,25.53250951761283,25.883457443743445,27.63375488968777
26.137286707958157,28.187481777392943,26.85340301310128,26.966438859239396,26.547483862455667,28.293394123765815,25.276905027039177,25.532500578213885,25.883448603132443,27.633737740198985
26.137294252541245,28.187473033117914,26.853401777660903,26.966446211032107,26.547482615190564,28.29337771310353,25.276912779974523,25.53249178196049,25.883439904085325,27.633720993395997
26.137301416018136,28.18746443146651,26.853400434891363,26.966453191457504,26.547481259569008,28.29336917080034,25.27692014127863,25.53248312884708,25.88343134659659,27.633704643025627
26.1372964724762,28.187455972200453,26.853395136344847,26.96644837424005,26.54747591030861,28.293368128721035,25.276915061215423,25.532482597418586,25.88343082104084,27.63369613434501
26.13728769074093,28.187447654882774,26.853386074898854,26.96643981690866,26.54746676213284,28.29336698961488,25.276906036962643,25.532489801111453,25.883437945126413,27.63369510033292
26.13728662303551,28.187446599241152,26.85337716783073,26.966438776486832,26.54745776981236,28.29336575895085,25.276904939771303,25.532485041785517,25.883433238395323,27.633693972580147
26.137285460619985,28.187441936872624,26.85337572214644,26.96643764377512,26.54745631029094,28.29336092196254,25.276903745254323,25.5324764915966,25.883424782693783,27.633689192534977
26.137280532125803,28.187433843270284,26.853370582541263,26.966432841221327,26.547451121492905,28.29335265426646,25.27689868065393,25.532475567096014,25.883423868409785,27.633687920048818
26.13727922450242,28.18742926938612,26.853361928978504,26.966431567012357,26.547442385103885,28.29335131718189,25.276897336918932,25.532470857557453,25.883419210916006,27.63368311965863
26.137281366270592,28.18742137939812,26.8533568953408,26.96643365405077,26.547437303287435,28.29335322952605,25.276899537834627,25.532469783532896,25.883418148760427,27.633674963135324
26.13727631705507,28.18741033721306,26.85335531308929,26.966428733860614,26.547435705891605,28.293348369796856,25.276894349178864,25.532472172683345,25.883420511508515,27.63367026609013
26.13727472870808,28.18740275961057,26.853357018966346,26.96642718610155,26.54743742809625,28.293346770416772,25.27689271696772,25.53246733644601,25.88341572871616,27.633659040303723
26.137276437439493,28.187404841731052,26.85335189837597,26.966428851168786,26.547432258494787,28.29334827722352,25.276894472887857,25.532455622938656,25.88340414465432,27.633651273894568
26.13727130980537,28.187406731762813,26.85334028058888,26.966423854564056,26.54742052950933,28.293343345997148,25.276889203647738,25.53244755344098,25.883396164332577,27.633653140991296
26.137266208984627,28.18740228663144,26.853328900286204,26.966418884087663,26.54740904028106,28.29333844074991,25.276883961961275,25.53244963186885,25.883398219791733,27.633654822453103
26.137261137689272,28.187397863087,26.85331775508819,26.96641394238232,26.547397788407487,28.29333356410596,25.276878750615428,25.53245151471969,25.883400081835227,27.633656325809703
26.13725609841497,28.18739346351523,26.853306842401786,26.96640903187989,26.54738677127072,28.29332871847974,25.27687357217477,25.53245320985497,25.88340175823759,27.633657658390224
26.137257315811407,28.187389090115147,26.853302270166598,26.966410218167383,26.5473821552725,28.29332390608629,25.276874823191275,25.53245153548173,25.883400102367816,27.63364991428861
26.137264490793147,28.187381852087373,26.85329772770536,26.966417209802184,26.54737756933316,28.29331912895118,25.2768821963197,25.53244665347764,25.88339527431474,27.63363937017157
26.13726828701889,28.187371891603707,26.85329913207121,26.966420909020638,26.54737898714089,28.2933115409582,25.27688609738316,25.532447957874037,25.88339656429625,27.633634795157278
26.137268862557228,28.187367725158367,26.85330327785459,26.96642146985189,26.547383172605556,28.29330128187996,25.276886688815708,25.532446064608564,25.88339469195325,27.63362742011769
26.13726637043597,28.18736632522208,26.85330430559019,26.966419041413328,26.54738421017811,28.29329397850033,25.276884127871323,25.532441127488188,25.883389809393048,27.633622944525573
26.13726669465073,28.18736756111776,26.853302363051,26.966419357343245,26.547382249045956,28.293289495782183,25.276884461039685,25.53243915256732,25.883387856297038,27.633621233757577
26.13726970079304,28.187371306324327,26.853294811280804,26.966422286667747,26.54737462499406,28.29328770281785,25.276887550200453,25.532431345064023,25.88338013507468,27.6336140736956
26.137266918729853,28.18736958724009,26.85329556616612,26.966419575696328,26.54737538710477,28.29328061779825,25.27688469130705,25.53242650437115,25.88337534787651,27.63360968271157
26.137264089047893,28.187362665457435,26.853298866492057,26.966416818322976,26.547378719019733,28.293276226510013,25.276881783479723,25.532430071233588,25.8833788753214,27.63360793219381
26.137261216236386,28.187355854484505,26.853296660764837,26.96641401892224,26.547376492180412,28.293279466776383,25.276878831331743,25.53243339955389,25.883382166860297,27.633606125245677
26.137258304568352,28.187349154318284,26.853299599435264,26.96641118165797,26.547379458978305,28.29327501080372,25.27687583925408,25.532436498118987,25.88338523118308,27.633609309536872
26.1372553581066,28.18734746339713,26.85329976114013,26.966408310489143,26.54737962223093,28.29326812942233,25.27687281142177,25.532431396394752,25.88338018583817,27.63360979254405
26.13724981099812,28.187350544452247,26.85329225103141,26.966402905129744,26.54737204023924,28.293266184942212,25.276867111122197,25.532423715856115,25.883372590177533,27.63360282050581
26.137241791446503,28.187351046825874,26.85328981458485,26.966395090507596,26.547369580472218,28.29326419971448,25.27685887009916,25.53242130889168,25.8833702098126,27.633600770892382
26.137238865594533,28.187349092952186,26.853289769725738,26.96639223942212,26.54736953518374,28.29325983503504,25.276855863445483,25.53241632717817,25.88336528315236,27.63360103940409
26.137238345961787,28.187344801285743,26.853292002560128,26.96639173306793,26.54737178938972,28.293257799747632,25.2768553294623,25.5324138753111,25.88336285838107,27.63359653266206
26.13723291429068,28.187336020532936,26.853296402838243,26.966386440196597,26.54737623178509,28.293257984522768,25.276849747787445,25.532413834725183,25.883362818243665,27.633594351718585
26.137227527849927,28.187334086926796,26.853295903636923,26.96638119139996,26.54737572780566,28.293253607758714,25.276844212591843,25.532408853520703,25.883357892086945,27.633594387435163
26.137222188745056,28.18733867590504,26.853290738738544,26.96637598872972,26.547370513471453,28.293249263640096,25.276838726039177,25.532403911995853,25.88335300517138,27.6335943122719
26.1372168988752,28.187343014450605,26.853285620300237,26.966370834036503,26.54736534604196,28.29324495401492,25.276833290081058,25.53239901211314,25.88334815943784,27.633594131567744
26.137211659944494,28.18734075643171,26.853284963695728,26.966365728980925,26.547364683152747,28.29324068056162,25.27682790646868,25.53239415564756,25.883343356641703,27.633593850486815
26.137206473472965,28.187332217713312,26.85328855688778,26.966360675044136,26.547368310737088,28.29324061018924,25.276822576764037,25.53239385980324,25.883343064066757,27.6335913579026
26.137203508233085,28.18733204767646,26.85328977818308,26.96635778557785,26.547369543722034,28.293238388596624,25.276819529634,25.532391235827056,25.88334046908852,27.63358676106931
26.13720266079156,28.187333795893814,26.8532887396374,26.96635695979181,26.54736849523589,28.29323411996128,25.27681865878892,25.5323907676957,25.88334000613053,27.633584246167512
26.13719961953146,28.187333404559897,26.853285549681672,26.966353996247985,26.547365274747463,28.293231872084323,25.276815533539168,25.532392353114435,25.88334157402861,27.633583715996853
26.137192411987105,28.187334877002048,26.8532782711796,26.966346972885223,26.54735792657904,28.29323155046349,25.27680812694573,25.53238953895792,25.88333879097172,27.63358507643539
26.13718531886159,28.18733619770414,26.853277119932343,26.96634006101773,26.547356764312585,28.2932330636192,25.276800837930708,25.532386699872657,25.883335983261635,27.633586285679502
26.13717834024361,28.18733737285754,26.853275889819155,26.966333260731908,26.547355522425317,28.29323442767603,25.276793666585224,25.53238383926683,25.883333154268804,27.63358734998665
26.137171476040333,28.187338408488014,26.853268765793203,26.966326571937284,26.54734833021144,28.293235648676784,25.276786612813886,25.53238096036707,25.88333030718422,27.63358827544273
26.13716860873321,28.187337476468475,26.85326557255297,26.966323777901746,26.54734510640692,28.29323489773337,25.276783666320544,25.532378066224386,25.88332744502523,27.633587210095897
26.137167633734048,28.187334671235504,26.853266125341666,26.966322827817844,26.54734566448667,28.29323226932616,25.27678266439486,25.532373202814615,25.88332263536186,27.63358424958201
26.137164703249205,28.187330084158884,26.85326470277624,26.966319972219104,26.54734422830508,28.293227854884297,25.27677965297892,25.532370305542543,25.88331977010812,27.633579486417236
26.137163610466807,28.187327284961345,26.8532595779678,26.966318907361845,26.5473390544442,28.293225225990607,25.27677853001717,25.532369283044247,25.883318758909645,27.63357653660651
26.137162443571547,28.18732619066154,26.853256296349183,26.96631777028565,26.547335741415303,28.293224299655247,25.276777330895797,25.532364468082267,25.88331399715879,27.63357878578769
26.13715762751066,28.187325030308006,26.853258287673462,26.966313077295336,26.547337751799716,28.293223304175903,25.276772381829744,25.53235970014464,25.88330928191266,27.63358085831362
26.137152861492485,28.187327123610856,26.853258370620228,26.96630843306906,26.54733783554041,28.293225560971667,25.27676748418825,25.532358576965013,25.88330817114557,27.633577717264487
26.137151611810104,28.187327415327346,26.853256636002417,26.966307215321365,26.547336084319586,28.29322274854189,25.27676619999333,25.532360925847414,25.88331049406993,27.63357291780708
26.137148592781788,28.18732599103233,26.853258198981724,26.966304273442063,26.54733766225906,28.29321832164361,25.276763097588304,25.532361352292053,25.88331091580183,27.63357142490629
26.13714724516353,28.18732293354693,26.853257955158718,26.96630296026119,26.547337416102263,28.293220264147827,25.27676171275276,25.53235994751845,25.883309526552686,27.63357147752092
26.137150790528043,28.187321429802083,26.853254364848038,26.966306415026533,26.547333791426663,28.29322360360669,25.276765356029887,25.53236016955347,25.88330974613397,27.63357142316625
26.13715411762979,28.18732446370049,26.853250778402547,26.96630965710674,26.547330170653183,28.29322367856564,25.27676877501637,25.53236027773042,25.883309853115435,27.633568170573287
26.137157234276746,28.18732730075971,26.853247198437437,26.9663126941102,26.547326556422107,28.2932206443876,25.276771977735876,25.532360277385965,25.88330985277477,27.633564921014656
26.13715542861772,28.187325504890783,26.85324362739321,26.966310934593395,26.54732295119728,28.29322057229372,25.276770122209903,25.532360173686996,25.8833097502218,27.63356467419864
26.13715202863339,28.18732220922813,26.853243103972403,26.96630762149303,26.547322422766484,28.293218947592244,25.27676662832805,25.532358387759224,25.88330798403072,27.6335628589836
26.13715015520312,28.18732035196904,26.853243984677874,26.96630579593687,26.547323311901728,28.29321584545557,25.276764703159127,25.53235810773183,25.883307707098,27.63356245289537
26.13714973708172,28.187319866063373,26.85324178813518,26.96630538850024,26.54732109433459,28.29321415813515,25.276764273490453,25.53235926213377,25.883308848742345,27.633563389148044
26.13715070529685,28.18732068659106,26.8532366625973,26.966306331973364,26.54731591973704,28.293212428156718,25.276765268444848,25.532360273324237,25.88330984875793,27.633561385617966
26.13714718876317,28.18731728601052,26.853231596678587,26.9663029053021,26.547310805329253,28.293210658901856,25.27676165479479,25.532361147335653,25.883310713110475,27.63355934710487
